episode,reward,steps,finished,offtrack_ratio,tiles_visited
1,-234.99999999999983,50,0,1.0,4
2,-224.9999999999998,50,0,1.0,5
3,-214.9999999999998,50,0,1.0,6
4,-244.99999999999983,50,0,1.0,3
5,-244.9999999999998,50,0,1.0,3
6,-234.99999999999983,50,0,1.0,4
7,-224.9999999999998,50,0,1.0,5
8,-224.9999999999998,50,0,1.0,5
9,-234.99999999999983,50,0,1.0,4
10,-234.9999999999998,50,0,1.0,4
11,-234.99999999999983,50,0,1.0,4
12,-234.99999999999983,50,0,1.0,4
13,-234.9999999999998,50,0,1.0,4
14,-224.9999999999998,50,0,1.0,5
15,-244.9999999999998,50,0,1.0,3
16,-234.99999999999983,50,0,1.0,4
17,-244.9999999999998,50,0,1.0,3
18,-234.9999999999998,50,0,1.0,4
19,-234.9999999999998,50,0,1.0,4
20,-244.9999999999998,50,0,1.0,3
21,-244.9999999999998,50,0,1.0,3
22,-234.9999999999998,50,0,1.0,4
23,-224.9999999999998,50,0,1.0,5
24,-234.9999999999998,50,0,1.0,4
25,-234.9999999999998,50,0,1.0,4
26,-234.9999999999998,50,0,1.0,4
27,-234.99999999999983,50,0,1.0,4
28,-234.9999999999998,50,0,1.0,4
29,-234.99999999999983,50,0,1.0,4
30,-244.9999999999998,50,0,1.0,3
31,-234.99999999999983,50,0,1.0,4
32,-234.99999999999983,50,0,1.0,4
33,-214.99999999999983,50,0,1.0,6
34,-244.9999999999998,50,0,1.0,3
35,-234.99999999999983,50,0,1.0,4
36,-234.9999999999998,50,0,1.0,4
37,-244.9999999999998,50,0,1.0,3
38,-234.9999999999998,50,0,1.0,4
39,-214.99999999999983,50,0,1.0,6
40,-224.9999999999998,50,0,1.0,5
41,-234.9999999999998,50,0,1.0,4
42,-234.9999999999998,50,0,1.0,4
43,-234.99999999999983,50,0,1.0,4
44,-234.9999999999998,50,0,1.0,4
45,-244.9999999999998,50,0,1.0,3
46,-234.99999999999983,50,0,1.0,4
47,-234.9999999999998,50,0,1.0,4
48,-234.9999999999998,50,0,1.0,4
49,-214.99999999999983,50,0,1.0,6
50,-244.9999999999998,50,0,1.0,3
51,-224.9999999999998,50,0,1.0,5
52,-224.99999999999983,50,0,1.0,5
53,-244.9999999999998,50,0,1.0,3
54,-234.9999999999998,50,0,1.0,4
55,-234.9999999999998,50,0,1.0,4
56,-234.9999999999998,50,0,1.0,4
57,-224.99999999999983,50,0,1.0,5
58,-234.9999999999998,50,0,1.0,4
59,-234.9999999999998,50,0,1.0,4
60,-234.99999999999983,50,0,1.0,4
61,-234.9999999999998,50,0,1.0,4
62,-244.9999999999998,50,0,1.0,3
63,-244.9999999999998,50,0,1.0,3
64,-234.9999999999998,50,0,1.0,4
65,-224.99999999999983,50,0,1.0,5
66,-234.99999999999983,50,0,1.0,4
67,-234.9999999999998,50,0,1.0,4
68,-234.9999999999998,50,0,1.0,4
69,-234.9999999999998,50,0,1.0,4
70,-244.9999999999998,50,0,1.0,3
71,-224.99999999999983,50,0,1.0,5
72,-224.99999999999983,50,0,1.0,5
73,-234.9999999999998,50,0,1.0,4
74,-234.9999999999998,50,0,1.0,4
75,-234.99999999999983,50,0,1.0,4
76,-234.99999999999983,50,0,1.0,4
77,-244.99999999999983,50,0,1.0,3
78,-234.9999999999998,50,0,1.0,4
79,-234.99999999999983,50,0,1.0,4
80,-234.9999999999998,50,0,1.0,4
81,-244.9999999999998,50,0,1.0,3
82,-234.9999999999998,50,0,1.0,4
83,-234.9999999999998,50,0,1.0,4
84,-234.9999999999998,50,0,1.0,4
85,-234.9999999999998,50,0,1.0,4
86,-234.99999999999983,50,0,1.0,4
87,-244.9999999999998,50,0,1.0,3
88,-234.9999999999998,50,0,1.0,4
89,-234.9999999999998,50,0,1.0,4
90,-234.9999999999998,50,0,1.0,4
91,-244.9999999999998,50,0,1.0,3
92,-244.9999999999998,50,0,1.0,3
93,-244.9999999999998,50,0,1.0,3
94,-244.9999999999998,50,0,1.0,3
95,-244.9999999999998,50,0,1.0,3
96,-224.99999999999983,50,0,1.0,5
97,-234.9999999999998,50,0,1.0,4
98,-234.9999999999998,50,0,1.0,4
99,-234.9999999999998,50,0,1.0,4
100,-234.99999999999983,50,0,1.0,4
101,-214.99999999999983,50,0,1.0,6
102,-234.9999999999998,50,0,1.0,4
103,-224.99999999999983,50,0,1.0,5
104,-234.99999999999983,50,0,1.0,4
105,-234.9999999999998,50,0,1.0,4
106,-244.9999999999998,50,0,1.0,3
107,-244.9999999999998,50,0,1.0,3
108,-244.9999999999998,50,0,1.0,3
109,-224.99999999999983,50,0,1.0,5
110,-234.9999999999998,50,0,1.0,4
111,-234.9999999999998,50,0,1.0,4
112,-224.99999999999983,50,0,1.0,5
113,-224.9999999999998,50,0,1.0,5
114,-234.9999999999998,50,0,1.0,4
115,-224.99999999999983,50,0,1.0,5
116,-234.9999999999998,50,0,1.0,4
117,-224.99999999999983,50,0,1.0,5
118,-234.99999999999983,50,0,1.0,4
119,-234.9999999999998,50,0,1.0,4
120,-224.99999999999983,50,0,1.0,5
121,-244.9999999999998,50,0,1.0,3
122,-234.9999999999998,50,0,1.0,4
123,-224.99999999999983,50,0,1.0,5
124,-244.9999999999998,50,0,1.0,3
125,-234.99999999999983,50,0,1.0,4
126,-224.9999999999998,50,0,1.0,5
127,-234.9999999999998,50,0,1.0,4
128,-234.99999999999983,50,0,1.0,4
129,-234.9999999999998,50,0,1.0,4
130,-234.9999999999998,50,0,1.0,4
131,-244.9999999999998,50,0,1.0,3
132,-234.9999999999998,50,0,1.0,4
133,-244.99999999999983,50,0,1.0,3
134,-244.9999999999998,50,0,1.0,3
135,-234.99999999999983,50,0,1.0,4
136,-234.9999999999998,50,0,1.0,4
137,-234.9999999999998,50,0,1.0,4
138,-234.9999999999998,50,0,1.0,4
139,-234.9999999999998,50,0,1.0,4
140,-224.9999999999998,50,0,1.0,5
141,-234.9999999999998,50,0,1.0,4
142,-244.9999999999998,50,0,1.0,3
143,-224.9999999999998,50,0,1.0,5
144,-234.9999999999998,50,0,1.0,4
145,-224.9999999999998,50,0,1.0,5
146,-224.99999999999983,50,0,1.0,5
147,-234.9999999999998,50,0,1.0,4
148,-234.9999999999998,50,0,1.0,4
149,-234.99999999999983,50,0,1.0,4
150,-234.9999999999998,50,0,1.0,4
151,-234.9999999999998,50,0,1.0,4
152,-224.9999999999998,50,0,1.0,5
153,-234.9999999999998,50,0,1.0,4
154,-244.99999999999983,50,0,1.0,3
155,-244.9999999999998,50,0,1.0,3
156,-244.99999999999983,50,0,1.0,3
157,-234.9999999999998,50,0,1.0,4
158,-224.9999999999998,50,0,1.0,5
159,-234.99999999999983,50,0,1.0,4
160,-234.9999999999998,50,0,1.0,4
161,-234.9999999999998,50,0,1.0,4
162,-224.99999999999983,50,0,1.0,5
163,-234.99999999999983,50,0,1.0,4
164,-234.99999999999983,50,0,1.0,4
165,-214.99999999999983,50,0,1.0,6
166,-224.99999999999983,50,0,1.0,5
167,-234.9999999999998,50,0,1.0,4
168,-234.9999999999998,50,0,1.0,4
169,-244.9999999999998,50,0,1.0,3
170,-244.9999999999998,50,0,1.0,3
171,-244.99999999999983,50,0,1.0,3
172,-214.99999999999983,50,0,1.0,6
173,-234.99999999999983,50,0,1.0,4
174,-244.9999999999998,50,0,1.0,3
175,-244.9999999999998,50,0,1.0,3
176,-224.9999999999998,50,0,1.0,5
177,-234.9999999999998,50,0,1.0,4
178,-224.99999999999983,50,0,1.0,5
179,-234.9999999999998,50,0,1.0,4
180,-234.9999999999998,50,0,1.0,4
181,-234.99999999999983,50,0,1.0,4
182,-234.99999999999983,50,0,1.0,4
183,-224.9999999999998,50,0,1.0,5
184,-244.9999999999998,50,0,1.0,3
185,-214.9999999999998,50,0,1.0,6
186,-214.99999999999983,50,0,1.0,6
187,-234.9999999999998,50,0,1.0,4
188,-234.9999999999998,50,0,1.0,4
189,-234.9999999999998,50,0,1.0,4
190,-224.99999999999983,50,0,1.0,5
191,-234.9999999999998,50,0,1.0,4
192,-234.9999999999998,50,0,1.0,4
193,-234.9999999999998,50,0,1.0,4
194,-234.9999999999998,50,0,1.0,4
195,-214.99999999999983,50,0,1.0,6
196,-224.99999999999983,50,0,1.0,5
197,-244.9999999999998,50,0,1.0,3
198,-224.99999999999983,50,0,1.0,5
199,-224.99999999999983,50,0,1.0,5
200,-234.9999999999998,50,0,1.0,4
201,-234.9999999999998,50,0,1.0,4
202,-244.9999999999998,50,0,1.0,3
203,-234.99999999999983,50,0,1.0,4
204,-234.9999999999998,50,0,1.0,4
205,-224.9999999999998,50,0,1.0,5
206,-244.9999999999998,50,0,1.0,3
207,-244.9999999999998,50,0,1.0,3
208,-234.9999999999998,50,0,1.0,4
209,-224.9999999999998,50,0,1.0,5
210,-234.99999999999983,50,0,1.0,4
211,-234.9999999999998,50,0,1.0,4
212,-224.9999999999998,50,0,1.0,5
213,-234.9999999999998,50,0,1.0,4
214,-224.99999999999983,50,0,1.0,5
215,-234.99999999999983,50,0,1.0,4
216,-234.99999999999983,50,0,1.0,4
217,-234.9999999999998,50,0,1.0,4
218,-234.99999999999983,50,0,1.0,4
219,-234.9999999999998,50,0,1.0,4
220,-234.9999999999998,50,0,1.0,4
221,-244.9999999999998,50,0,1.0,3
222,-234.9999999999998,50,0,1.0,4
223,-234.9999999999998,50,0,1.0,4
224,-244.9999999999998,50,0,1.0,3
225,-244.9999999999998,50,0,1.0,3
226,-234.99999999999983,50,0,1.0,4
227,-244.9999999999998,50,0,1.0,3
228,-234.9999999999998,50,0,1.0,4
229,-244.9999999999998,50,0,1.0,3
230,-224.9999999999998,50,0,1.0,5
231,-234.9999999999998,50,0,1.0,4
232,-244.9999999999998,50,0,1.0,3
233,-224.99999999999983,50,0,1.0,5
234,-234.99999999999983,50,0,1.0,4
235,-234.99999999999983,50,0,1.0,4
236,-224.9999999999998,50,0,1.0,5
237,-234.99999999999983,50,0,1.0,4
238,-234.9999999999998,50,0,1.0,4
239,-244.9999999999998,50,0,1.0,3
240,-224.99999999999983,50,0,1.0,5
241,-244.9999999999998,50,0,1.0,3
242,-224.9999999999998,50,0,1.0,5
243,-234.9999999999998,50,0,1.0,4
244,-244.9999999999998,50,0,1.0,3
245,-234.99999999999983,50,0,1.0,4
246,-224.99999999999983,50,0,1.0,5
247,-244.99999999999983,50,0,1.0,3
248,-224.9999999999998,50,0,1.0,5
249,-244.9999999999998,50,0,1.0,3
250,-234.9999999999998,50,0,1.0,4
251,-224.99999999999983,50,0,1.0,5
252,-234.99999999999983,50,0,1.0,4
253,-224.9999999999998,50,0,1.0,5
254,-234.99999999999983,50,0,1.0,4
255,-234.9999999999998,50,0,1.0,4
256,-234.99999999999983,50,0,1.0,4
257,-224.99999999999983,50,0,1.0,5
258,-224.99999999999983,50,0,1.0,5
259,-234.9999999999998,50,0,1.0,4
260,-244.9999999999998,50,0,1.0,3
261,-244.9999999999998,50,0,1.0,3
262,-234.9999999999998,50,0,1.0,4
263,-234.9999999999998,50,0,1.0,4
264,-234.9999999999998,50,0,1.0,4
265,-244.9999999999998,50,0,1.0,3
266,-244.9999999999998,50,0,1.0,3
267,-224.99999999999983,50,0,1.0,5
268,-234.9999999999998,50,0,1.0,4
269,-244.9999999999998,50,0,1.0,3
270,-234.99999999999983,50,0,1.0,4
271,-234.99999999999983,50,0,1.0,4
272,-214.9999999999998,50,0,1.0,6
273,-244.9999999999998,50,0,1.0,3
274,-234.99999999999983,50,0,1.0,4
275,-224.99999999999983,50,0,1.0,5
276,-234.9999999999998,50,0,1.0,4
277,-234.9999999999998,50,0,1.0,4
278,-244.9999999999998,50,0,1.0,3
279,-244.99999999999983,50,0,1.0,3
280,-244.9999999999998,50,0,1.0,3
281,-234.9999999999998,50,0,1.0,4
282,-224.9999999999998,50,0,1.0,5
283,-234.9999999999998,50,0,1.0,4
284,-234.9999999999998,50,0,1.0,4
285,-224.9999999999998,50,0,1.0,5
286,-244.9999999999998,50,0,1.0,3
287,-234.9999999999998,50,0,1.0,4
288,-234.9999999999998,50,0,1.0,4
289,-234.9999999999998,50,0,1.0,4
290,-234.99999999999983,50,0,1.0,4
291,-224.9999999999998,50,0,1.0,5
292,-234.9999999999998,50,0,1.0,4
293,-214.9999999999998,50,0,1.0,6
294,-234.9999999999998,50,0,1.0,4
295,-224.99999999999983,50,0,1.0,5
296,-234.99999999999983,50,0,1.0,4
297,-234.99999999999983,50,0,1.0,4
298,-234.9999999999998,50,0,1.0,4
299,-244.9999999999998,50,0,1.0,3
300,-234.9999999999998,50,0,1.0,4
301,-244.9999999999998,50,0,1.0,3
302,-234.99999999999983,50,0,1.0,4
303,-224.9999999999998,50,0,1.0,5
304,-234.9999999999998,50,0,1.0,4
305,-224.99999999999983,50,0,1.0,5
306,-244.9999999999998,50,0,1.0,3
307,-224.99999999999983,50,0,1.0,5
308,-244.9999999999998,50,0,1.0,3
309,-244.9999999999998,50,0,1.0,3
310,-224.9999999999998,50,0,1.0,5
311,-224.9999999999998,50,0,1.0,5
312,-244.99999999999983,50,0,1.0,3
313,-244.9999999999998,50,0,1.0,3
314,-224.9999999999998,50,0,1.0,5
315,-234.9999999999998,50,0,1.0,4
316,-234.9999999999998,50,0,1.0,4
317,-214.99999999999983,50,0,1.0,6
318,-234.99999999999983,50,0,1.0,4
319,-224.99999999999983,50,0,1.0,5
320,-224.99999999999983,50,0,1.0,5
321,-244.9999999999998,50,0,1.0,3
322,-224.99999999999983,50,0,1.0,5
323,-234.99999999999983,50,0,1.0,4
324,-234.99999999999983,50,0,1.0,4
325,-234.9999999999998,50,0,1.0,4
326,-244.9999999999998,50,0,1.0,3
327,-224.99999999999983,50,0,1.0,5
328,-234.99999999999983,50,0,1.0,4
329,-224.99999999999983,50,0,1.0,5
330,-234.99999999999983,50,0,1.0,4
331,-224.99999999999983,50,0,1.0,5
332,-234.99999999999983,50,0,1.0,4
333,-224.99999999999983,50,0,1.0,5
334,-234.9999999999998,50,0,1.0,4
335,-224.99999999999983,50,0,1.0,5
336,-234.9999999999998,50,0,1.0,4
337,-234.9999999999998,50,0,1.0,4
338,-224.99999999999983,50,0,1.0,5
339,-234.99999999999983,50,0,1.0,4
340,-234.99999999999983,50,0,1.0,4
341,-234.9999999999998,50,0,1.0,4
342,-234.99999999999983,50,0,1.0,4
343,-234.99999999999983,50,0,1.0,4
344,-244.9999999999998,50,0,1.0,3
345,-234.99999999999983,50,0,1.0,4
346,-224.99999999999983,50,0,1.0,5
347,-244.9999999999998,50,0,1.0,3
348,-244.9999999999998,50,0,1.0,3
349,-234.9999999999998,50,0,1.0,4
350,-234.99999999999983,50,0,1.0,4
351,-234.99999999999983,50,0,1.0,4
352,-234.9999999999998,50,0,1.0,4
353,-234.9999999999998,50,0,1.0,4
354,-224.99999999999983,50,0,1.0,5
355,-234.99999999999983,50,0,1.0,4
356,-234.9999999999998,50,0,1.0,4
357,-234.9999999999998,50,0,1.0,4
358,-224.99999999999983,50,0,1.0,5
359,-234.9999999999998,50,0,1.0,4
360,-234.99999999999983,50,0,1.0,4
361,-244.9999999999998,50,0,1.0,3
362,-244.9999999999998,50,0,1.0,3
363,-244.9999999999998,50,0,1.0,3
364,-234.99999999999983,50,0,1.0,4
365,-244.9999999999998,50,0,1.0,3
366,-244.9999999999998,50,0,1.0,3
367,-234.9999999999998,50,0,1.0,4
368,-244.9999999999998,50,0,1.0,3
369,-244.9999999999998,50,0,1.0,3
370,-244.9999999999998,50,0,1.0,3
371,-244.9999999999998,50,0,1.0,3
372,-244.9999999999998,50,0,1.0,3
373,-244.9999999999998,50,0,1.0,3
374,-234.9999999999998,50,0,1.0,4
375,-234.99999999999983,50,0,1.0,4
376,-234.9999999999998,50,0,1.0,4
377,-224.99999999999983,50,0,1.0,5
378,-234.9999999999998,50,0,1.0,4
379,-234.99999999999983,50,0,1.0,4
380,-234.9999999999998,50,0,1.0,4
381,-234.99999999999983,50,0,1.0,4
382,-234.99999999999983,50,0,1.0,4
383,-234.99999999999983,50,0,1.0,4
384,-234.9999999999998,50,0,1.0,4
385,-234.99999999999983,50,0,1.0,4
386,-234.99999999999983,50,0,1.0,4
387,-244.9999999999998,50,0,1.0,3
388,-234.99999999999983,50,0,1.0,4
389,-234.9999999999998,50,0,1.0,4
390,-234.99999999999983,50,0,1.0,4
391,-244.9999999999998,50,0,1.0,3
392,-234.99999999999983,50,0,1.0,4
393,-234.9999999999998,50,0,1.0,4
394,-244.9999999999998,50,0,1.0,3
395,-234.9999999999998,50,0,1.0,4
396,-244.9999999999998,50,0,1.0,3
397,-234.99999999999983,50,0,1.0,4
398,-234.9999999999998,50,0,1.0,4
399,-234.99999999999983,50,0,1.0,4
400,-224.99999999999983,50,0,1.0,5
401,-234.99999999999983,50,0,1.0,4
402,-234.99999999999983,50,0,1.0,4
403,-244.9999999999998,50,0,1.0,3
404,-224.99999999999983,50,0,1.0,5
405,-244.9999999999998,50,0,1.0,3
406,-234.99999999999983,50,0,1.0,4
407,-234.9999999999998,50,0,1.0,4
408,-224.99999999999983,50,0,1.0,5
409,-234.9999999999998,50,0,1.0,4
410,-234.9999999999998,50,0,1.0,4
411,-244.9999999999998,50,0,1.0,3
412,-244.9999999999998,50,0,1.0,3
413,-234.9999999999998,50,0,1.0,4
414,-224.99999999999983,50,0,1.0,5
415,-234.99999999999983,50,0,1.0,4
416,-234.9999999999998,50,0,1.0,4
417,-234.99999999999983,50,0,1.0,4
418,-234.99999999999983,50,0,1.0,4
419,-244.9999999999998,50,0,1.0,3
420,-244.9999999999998,50,0,1.0,3
421,-234.9999999999998,50,0,1.0,4
422,-234.9999999999998,50,0,1.0,4
423,-234.9999999999998,50,0,1.0,4
424,-234.99999999999983,50,0,1.0,4
425,-204.99999999999983,50,0,1.0,7
426,-244.9999999999998,50,0,1.0,3
427,-224.9999999999998,50,0,1.0,5
428,-234.9999999999998,50,0,1.0,4
429,-244.9999999999998,50,0,1.0,3
430,-234.9999999999998,50,0,1.0,4
431,-244.9999999999998,50,0,1.0,3
432,-234.99999999999983,50,0,1.0,4
433,-234.99999999999983,50,0,1.0,4
434,-234.99999999999983,50,0,1.0,4
435,-234.9999999999998,50,0,1.0,4
436,-224.99999999999983,50,0,1.0,5
437,-244.9999999999998,50,0,1.0,3
438,-234.9999999999998,50,0,1.0,4
439,-244.9999999999998,50,0,1.0,3
440,-234.99999999999983,50,0,1.0,4
441,-244.9999999999998,50,0,1.0,3
442,-224.99999999999983,50,0,1.0,5
443,-244.9999999999998,50,0,1.0,3
444,-234.99999999999983,50,0,1.0,4
445,-234.9999999999998,50,0,1.0,4
446,-244.9999999999998,50,0,1.0,3
447,-244.9999999999998,50,0,1.0,3
448,-234.99999999999983,50,0,1.0,4
449,-234.99999999999983,50,0,1.0,4
450,-234.99999999999983,50,0,1.0,4
451,-234.9999999999998,50,0,1.0,4
452,-224.99999999999983,50,0,1.0,5
453,-234.99999999999983,50,0,1.0,4
454,-234.99999999999983,50,0,1.0,4
455,-244.9999999999998,50,0,1.0,3
456,-244.9999999999998,50,0,1.0,3
457,-244.9999999999998,50,0,1.0,3
458,-224.99999999999983,50,0,1.0,5
459,-234.9999999999998,50,0,1.0,4
460,-234.99999999999983,50,0,1.0,4
461,-234.9999999999998,50,0,1.0,4
462,-234.99999999999983,50,0,1.0,4
463,-234.99999999999983,50,0,1.0,4
464,-244.9999999999998,50,0,1.0,3
465,-224.99999999999983,50,0,1.0,5
466,-234.9999999999998,50,0,1.0,4
467,-224.9999999999998,50,0,1.0,5
468,-244.9999999999998,50,0,1.0,3
469,-244.9999999999998,50,0,1.0,3
470,-234.99999999999983,50,0,1.0,4
471,-234.9999999999998,50,0,1.0,4
472,-224.99999999999983,50,0,1.0,5
473,-234.9999999999998,50,0,1.0,4
474,-224.9999999999998,50,0,1.0,5
475,-234.99999999999983,50,0,1.0,4
476,-244.9999999999998,50,0,1.0,3
477,-234.9999999999998,50,0,1.0,4
478,-234.99999999999983,50,0,1.0,4
479,-224.99999999999983,50,0,1.0,5
480,-234.99999999999983,50,0,1.0,4
481,-244.9999999999998,50,0,1.0,3
482,-234.99999999999983,50,0,1.0,4
483,-234.99999999999983,50,0,1.0,4
484,-244.9999999999998,50,0,1.0,3
485,-234.99999999999983,50,0,1.0,4
486,-234.9999999999998,50,0,1.0,4
487,-234.99999999999983,50,0,1.0,4
488,-234.9999999999998,50,0,1.0,4
489,-234.99999999999983,50,0,1.0,4
490,-244.9999999999998,50,0,1.0,3
491,-234.9999999999998,50,0,1.0,4
492,-234.99999999999983,50,0,1.0,4
493,-234.99999999999983,50,0,1.0,4
494,-234.9999999999998,50,0,1.0,4
495,-224.9999999999998,50,0,1.0,5
496,-234.99999999999983,50,0,1.0,4
497,-234.99999999999983,50,0,1.0,4
498,-234.9999999999998,50,0,1.0,4
499,-244.9999999999998,50,0,1.0,3
500,-244.9999999999998,50,0,1.0,3
501,-234.9999999999998,50,0,1.0,4
502,-244.9999999999998,50,0,1.0,3
503,-244.9999999999998,50,0,1.0,3
504,-244.99999999999983,50,0,1.0,3
505,-244.9999999999998,50,0,1.0,3
506,-234.9999999999998,50,0,1.0,4
507,-214.99999999999983,50,0,1.0,6
508,-244.99999999999983,50,0,1.0,3
509,-244.9999999999998,50,0,1.0,3
510,-234.9999999999998,50,0,1.0,4
511,-224.99999999999983,50,0,1.0,5
512,-244.9999999999998,50,0,1.0,3
513,-234.99999999999983,50,0,1.0,4
514,-234.9999999999998,50,0,1.0,4
515,-234.9999999999998,50,0,1.0,4
516,-224.99999999999983,50,0,1.0,5
517,-214.99999999999983,50,0,1.0,6
518,-224.99999999999983,50,0,1.0,5
519,-234.99999999999983,50,0,1.0,4
520,-224.99999999999983,50,0,1.0,5
521,-234.9999999999998,50,0,1.0,4
522,-234.99999999999983,50,0,1.0,4
523,-234.99999999999983,50,0,1.0,4
524,-244.9999999999998,50,0,1.0,3
525,-244.9999999999998,50,0,1.0,3
526,-244.9999999999998,50,0,1.0,3
527,-234.9999999999998,50,0,1.0,4
528,-214.99999999999983,50,0,1.0,6
529,-214.9999999999998,50,0,1.0,6
530,-234.9999999999998,50,0,1.0,4
531,-224.9999999999998,50,0,1.0,5
532,-234.99999999999983,50,0,1.0,4
533,-234.99999999999983,50,0,1.0,4
534,-244.9999999999998,50,0,1.0,3
535,-234.9999999999998,50,0,1.0,4
536,-234.99999999999983,50,0,1.0,4
537,-234.99999999999983,50,0,1.0,4
538,-244.9999999999998,50,0,1.0,3
539,-234.99999999999983,50,0,1.0,4
540,-234.9999999999998,50,0,1.0,4
541,-234.99999999999983,50,0,1.0,4
542,-234.99999999999983,50,0,1.0,4
543,-234.9999999999998,50,0,1.0,4
544,-234.99999999999983,50,0,1.0,4
545,-244.9999999999998,50,0,1.0,3
546,-244.9999999999998,50,0,1.0,3
547,-254.9999999999998,50,0,1.0,2
548,-234.99999999999983,50,0,1.0,4
549,-244.9999999999998,50,0,1.0,3
550,-234.99999999999983,50,0,1.0,4
551,-244.9999999999998,50,0,1.0,3
552,-224.99999999999983,50,0,1.0,5
553,-234.9999999999998,50,0,1.0,4
554,-234.99999999999983,50,0,1.0,4
555,-244.9999999999998,50,0,1.0,3
556,-234.9999999999998,50,0,1.0,4
557,-224.99999999999983,50,0,1.0,5
558,-214.99999999999983,50,0,1.0,6
559,-234.99999999999983,50,0,1.0,4
560,-224.9999999999998,50,0,1.0,5
561,-244.9999999999998,50,0,1.0,3
562,-234.99999999999983,50,0,1.0,4
563,-244.9999999999998,50,0,1.0,3
564,-204.99999999999983,50,0,1.0,7
565,-224.9999999999998,50,0,1.0,5
566,-244.9999999999998,50,0,1.0,3
567,-214.99999999999983,50,0,1.0,6
568,-214.99999999999983,50,0,1.0,6
569,-234.9999999999998,50,0,1.0,4
570,-234.99999999999983,50,0,1.0,4
571,-234.99999999999983,50,0,1.0,4
572,-234.99999999999983,50,0,1.0,4
573,-234.99999999999983,50,0,1.0,4
574,-234.9999999999998,50,0,1.0,4
575,-234.99999999999983,50,0,1.0,4
576,-244.99999999999983,50,0,1.0,3
577,-244.9999999999998,50,0,1.0,3
578,-234.99999999999983,50,0,1.0,4
579,-244.9999999999998,50,0,1.0,3
580,-234.99999999999983,50,0,1.0,4
581,-234.99999999999983,50,0,1.0,4
582,-234.99999999999983,50,0,1.0,4
583,-234.99999999999983,50,0,1.0,4
584,-224.99999999999983,50,0,1.0,5
585,-234.99999999999983,50,0,1.0,4
586,-234.9999999999998,50,0,1.0,4
587,-234.99999999999983,50,0,1.0,4
588,-234.99999999999983,50,0,1.0,4
589,-244.9999999999998,50,0,1.0,3
590,-244.9999999999998,50,0,1.0,3
591,-234.99999999999983,50,0,1.0,4
592,-234.99999999999983,50,0,1.0,4
593,-224.99999999999983,50,0,1.0,5
594,-244.9999999999998,50,0,1.0,3
595,-234.99999999999983,50,0,1.0,4
596,-244.9999999999998,50,0,1.0,3
597,-234.9999999999998,50,0,1.0,4
598,-234.99999999999983,50,0,1.0,4
599,-244.9999999999998,50,0,1.0,3
600,-234.9999999999998,50,0,1.0,4
601,-234.99999999999983,50,0,1.0,4
602,-234.9999999999998,50,0,1.0,4
603,-244.99999999999983,50,0,1.0,3
604,-234.99999999999983,50,0,1.0,4
605,-234.99999999999983,50,0,1.0,4
606,-234.99999999999983,50,0,1.0,4
607,-244.9999999999998,50,0,1.0,3
608,-224.99999999999983,50,0,1.0,5
609,-234.9999999999998,50,0,1.0,4
610,-224.99999999999983,50,0,1.0,5
611,-224.9999999999998,50,0,1.0,5
612,-234.9999999999998,50,0,1.0,4
613,-244.9999999999998,50,0,1.0,3
614,-234.9999999999998,50,0,1.0,4
615,-244.9999999999998,50,0,1.0,3
616,-244.9999999999998,50,0,1.0,3
617,-244.9999999999998,50,0,1.0,3
618,-244.9999999999998,50,0,1.0,3
619,-244.9999999999998,50,0,1.0,3
620,-234.99999999999983,50,0,1.0,4
621,-244.9999999999998,50,0,1.0,3
622,-234.99999999999983,50,0,1.0,4
623,-234.9999999999998,50,0,1.0,4
624,-234.99999999999983,50,0,1.0,4
625,-224.99999999999983,50,0,1.0,5
626,-234.99999999999983,50,0,1.0,4
627,-234.99999999999983,50,0,1.0,4
628,-234.99999999999983,50,0,1.0,4
629,-234.99999999999983,50,0,1.0,4
630,-254.9999999999998,50,0,1.0,2
631,-234.99999999999983,50,0,1.0,4
632,-234.99999999999983,50,0,1.0,4
633,-234.99999999999983,50,0,1.0,4
634,-204.99999999999983,50,0,1.0,7
635,-244.9999999999998,50,0,1.0,3
636,-234.9999999999998,50,0,1.0,4
637,-234.99999999999983,50,0,1.0,4
638,-224.99999999999983,50,0,1.0,5
639,-234.9999999999998,50,0,1.0,4
640,-214.99999999999983,50,0,1.0,6
641,-234.99999999999983,50,0,1.0,4
642,-244.9999999999998,50,0,1.0,3
643,-244.9999999999998,50,0,1.0,3
644,-234.9999999999998,50,0,1.0,4
645,-234.99999999999983,50,0,1.0,4
646,-224.99999999999983,50,0,1.0,5
647,-244.9999999999998,50,0,1.0,3
648,-214.99999999999983,50,0,1.0,6
649,-214.99999999999983,50,0,1.0,6
650,-214.99999999999983,50,0,1.0,6
651,-234.9999999999998,50,0,1.0,4
652,-224.99999999999983,50,0,1.0,5
653,-224.9999999999998,50,0,1.0,5
654,-234.9999999999998,50,0,1.0,4
655,-224.99999999999983,50,0,1.0,5
656,-244.9999999999998,50,0,1.0,3
657,-244.99999999999983,50,0,1.0,3
658,-234.99999999999983,50,0,1.0,4
659,-224.99999999999983,50,0,1.0,5
660,-224.99999999999983,50,0,1.0,5
661,-244.9999999999998,50,0,1.0,3
662,-234.99999999999983,50,0,1.0,4
663,-234.9999999999998,50,0,1.0,4
664,-214.99999999999983,50,0,1.0,6
665,-234.99999999999983,50,0,1.0,4
666,-234.99999999999983,50,0,1.0,4
667,-234.99999999999983,50,0,1.0,4
668,-234.9999999999998,50,0,1.0,4
669,-224.9999999999998,50,0,1.0,5
670,-234.9999999999998,50,0,1.0,4
671,-224.99999999999983,50,0,1.0,5
672,-234.9999999999998,50,0,1.0,4
673,-234.99999999999983,50,0,1.0,4
674,-234.99999999999983,50,0,1.0,4
675,-234.99999999999983,50,0,1.0,4
676,-244.99999999999983,50,0,1.0,3
677,-224.9999999999998,50,0,1.0,5
678,-224.99999999999983,50,0,1.0,5
679,-234.9999999999998,50,0,1.0,4
680,-254.9999999999998,50,0,1.0,2
681,-224.99999999999983,50,0,1.0,5
682,-244.9999999999998,50,0,1.0,3
683,-224.99999999999983,50,0,1.0,5
684,-234.99999999999983,50,0,1.0,4
685,-234.9999999999998,50,0,1.0,4
686,-244.9999999999998,50,0,1.0,3
687,-224.99999999999983,50,0,1.0,5
688,-224.99999999999983,50,0,1.0,5
689,-234.99999999999983,50,0,1.0,4
690,-234.99999999999983,50,0,1.0,4
691,-234.99999999999983,50,0,1.0,4
692,-224.9999999999998,50,0,1.0,5
693,-234.99999999999983,50,0,1.0,4
694,-214.99999999999983,50,0,1.0,6
695,-234.9999999999998,50,0,1.0,4
696,-244.99999999999983,50,0,1.0,3
697,-244.9999999999998,50,0,1.0,3
698,-224.99999999999983,50,0,1.0,5
699,-244.9999999999998,50,0,1.0,3
700,-214.9999999999998,50,0,1.0,6
701,-224.9999999999998,50,0,1.0,5
702,-244.99999999999983,50,0,1.0,3
703,-224.99999999999983,50,0,1.0,5
704,-244.9999999999998,50,0,1.0,3
705,-214.99999999999983,50,0,1.0,6
706,-234.99999999999983,50,0,1.0,4
707,-234.9999999999998,50,0,1.0,4
708,-234.99999999999983,50,0,1.0,4
709,-234.99999999999983,50,0,1.0,4
710,-224.99999999999983,50,0,1.0,5
711,-254.9999999999998,50,0,1.0,2
712,-234.9999999999998,50,0,1.0,4
713,-234.99999999999983,50,0,1.0,4
714,-234.99999999999983,50,0,1.0,4
715,-234.9999999999998,50,0,1.0,4
716,-244.9999999999998,50,0,1.0,3
717,-244.9999999999998,50,0,1.0,3
718,-224.99999999999983,50,0,1.0,5
719,-234.99999999999983,50,0,1.0,4
720,-234.99999999999983,50,0,1.0,4
721,-234.9999999999998,50,0,1.0,4
722,-234.99999999999983,50,0,1.0,4
723,-234.99999999999983,50,0,1.0,4
724,-234.9999999999998,50,0,1.0,4
725,-224.9999999999998,50,0,1.0,5
726,-234.99999999999983,50,0,1.0,4
727,-234.99999999999983,50,0,1.0,4
728,-234.99999999999983,50,0,1.0,4
729,-244.9999999999998,50,0,1.0,3
730,-224.9999999999998,50,0,1.0,5
731,-234.9999999999998,50,0,1.0,4
732,-234.9999999999998,50,0,1.0,4
733,-244.9999999999998,50,0,1.0,4
734,-244.9999999999998,50,0,1.0,3
735,-234.99999999999983,50,0,1.0,4
736,-234.9999999999998,50,0,1.0,4
737,-234.9999999999998,50,0,1.0,4
738,-234.9999999999998,50,0,1.0,4
739,-214.99999999999983,50,0,1.0,6
740,-234.99999999999983,50,0,1.0,4
741,-234.99999999999983,50,0,1.0,4
742,-244.9999999999998,50,0,1.0,3
743,-214.9999999999998,50,0,1.0,6
744,-234.99999999999983,50,0,1.0,4
745,-234.99999999999983,50,0,1.0,4
746,-224.9999999999998,50,0,1.0,5
747,-234.99999999999983,50,0,1.0,4
748,-224.99999999999983,50,0,1.0,5
749,-234.9999999999998,50,0,1.0,4
750,-234.99999999999983,50,0,1.0,4
751,-214.99999999999983,50,0,1.0,6
752,-244.9999999999998,50,0,1.0,3
753,-224.9999999999998,50,0,1.0,5
754,-244.9999999999998,50,0,1.0,3
755,-244.9999999999998,50,0,1.0,3
756,-234.9999999999998,50,0,1.0,4
757,-234.99999999999983,50,0,1.0,4
758,-224.99999999999983,50,0,1.0,5
759,-234.9999999999998,50,0,1.0,4
760,-244.9999999999998,50,0,1.0,3
761,-234.99999999999983,50,0,1.0,4
762,-234.9999999999998,50,0,1.0,4
763,-224.99999999999983,50,0,1.0,5
764,-224.99999999999983,50,0,1.0,5
765,-234.99999999999983,50,0,1.0,4
766,-234.9999999999998,50,0,1.0,4
767,-234.9999999999998,50,0,1.0,4
768,-224.99999999999983,50,0,1.0,5
769,-234.99999999999983,50,0,1.0,4
770,-234.9999999999998,50,0,1.0,4
771,-244.9999999999998,50,0,1.0,3
772,-234.99999999999983,50,0,1.0,4
773,-234.9999999999998,50,0,1.0,4
774,-234.9999999999998,50,0,1.0,4
775,-244.99999999999983,50,0,1.0,3
776,-234.99999999999983,50,0,1.0,4
777,-234.9999999999998,50,0,1.0,4
778,-234.99999999999983,50,0,1.0,4
779,-234.99999999999983,50,0,1.0,4
780,-224.99999999999983,50,0,1.0,5
781,-224.99999999999983,50,0,1.0,5
782,-234.99999999999983,50,0,1.0,4
783,-234.99999999999983,50,0,1.0,4
784,-234.99999999999983,50,0,1.0,4
785,-234.99999999999983,50,0,1.0,4
786,-234.99999999999983,50,0,1.0,4
787,-234.99999999999983,50,0,1.0,4
788,-234.99999999999983,50,0,1.0,4
789,-224.99999999999983,50,0,1.0,5
790,-234.9999999999998,50,0,1.0,4
791,-244.9999999999998,50,0,1.0,3
792,-224.99999999999983,50,0,1.0,5
793,-234.99999999999983,50,0,1.0,4
794,-244.9999999999998,50,0,1.0,3
795,-234.99999999999983,50,0,1.0,4
796,-254.9999999999998,50,0,1.0,2
797,-244.9999999999998,50,0,1.0,3
798,-234.9999999999998,50,0,1.0,4
799,-244.99999999999983,50,0,1.0,3
800,-234.99999999999983,50,0,1.0,4
801,-234.99999999999983,50,0,1.0,4
802,-234.99999999999983,50,0,1.0,4
803,-234.9999999999998,50,0,1.0,4
804,-234.99999999999983,50,0,1.0,4
805,-244.9999999999998,50,0,1.0,3
806,-244.9999999999998,50,0,1.0,3
807,-244.9999999999998,50,0,1.0,3
808,-254.9999999999998,50,0,1.0,2
809,-244.9999999999998,50,0,1.0,3
810,-244.9999999999998,50,0,1.0,3
811,-244.9999999999998,50,0,1.0,3
812,-234.9999999999998,50,0,1.0,4
813,-234.9999999999998,50,0,1.0,4
814,-234.9999999999998,50,0,1.0,4
815,-234.99999999999983,50,0,1.0,4
816,-234.99999999999983,50,0,1.0,4
817,-234.99999999999983,50,0,1.0,4
818,-244.9999999999998,50,0,1.0,3
819,-234.9999999999998,50,0,1.0,4
820,-224.99999999999983,50,0,1.0,5
821,-214.99999999999983,50,0,1.0,6
822,-234.99999999999983,50,0,1.0,4
823,-234.99999999999983,50,0,1.0,4
824,-244.9999999999998,50,0,1.0,3
825,-244.9999999999998,50,0,1.0,3
826,-244.9999999999998,50,0,1.0,3
827,-234.99999999999983,50,0,1.0,4
828,-234.9999999999998,50,0,1.0,4
829,-234.99999999999983,50,0,1.0,4
830,-234.99999999999983,50,0,1.0,4
831,-234.99999999999983,50,0,1.0,4
832,-234.99999999999983,50,0,1.0,4
833,-234.99999999999983,50,0,1.0,4
834,-234.99999999999983,50,0,1.0,4
835,-234.99999999999983,50,0,1.0,4
836,-234.99999999999983,50,0,1.0,4
837,-234.9999999999998,50,0,1.0,4
838,-234.99999999999983,50,0,1.0,4
839,-234.99999999999983,50,0,1.0,4
840,-244.9999999999998,50,0,1.0,3
841,-224.99999999999983,50,0,1.0,5
842,-224.99999999999983,50,0,1.0,5
843,-214.99999999999983,50,0,1.0,6
844,-234.99999999999983,50,0,1.0,4
845,-244.9999999999998,50,0,1.0,3
846,-234.99999999999983,50,0,1.0,4
847,-224.99999999999983,50,0,1.0,5
848,-214.99999999999983,50,0,1.0,6
849,-214.99999999999983,50,0,1.0,6
850,-244.9999999999998,50,0,1.0,3
851,-214.99999999999983,50,0,1.0,6
852,-234.99999999999983,50,0,1.0,4
853,-234.99999999999983,50,0,1.0,4
854,-224.99999999999983,50,0,1.0,5
855,-234.99999999999983,50,0,1.0,4
856,-234.99999999999983,50,0,1.0,4
857,-234.9999999999998,50,0,1.0,4
858,-244.9999999999998,50,0,1.0,3
859,-234.99999999999983,50,0,1.0,4
860,-234.99999999999983,50,0,1.0,4
861,-234.99999999999983,50,0,1.0,4
862,-234.9999999999998,50,0,1.0,4
863,-234.9999999999998,50,0,1.0,4
864,-234.99999999999983,50,0,1.0,4
865,-234.99999999999983,50,0,1.0,4
866,-234.99999999999983,50,0,1.0,4
867,-234.99999999999983,50,0,1.0,4
868,-234.99999999999983,50,0,1.0,4
869,-244.9999999999998,50,0,1.0,3
870,-244.9999999999998,50,0,1.0,3
871,-234.99999999999983,50,0,1.0,4
872,-234.9999999999998,50,0,1.0,4
873,-234.99999999999983,50,0,1.0,4
874,-234.99999999999983,50,0,1.0,4
875,-234.9999999999998,50,0,1.0,4
876,-244.9999999999998,50,0,1.0,3
877,-234.99999999999983,50,0,1.0,4
878,-234.9999999999998,50,0,1.0,4
879,-234.99999999999983,50,0,1.0,4
880,-234.9999999999998,50,0,1.0,4
881,-244.99999999999983,50,0,1.0,3
882,-244.9999999999998,50,0,1.0,3
883,-234.99999999999983,50,0,1.0,4
884,-234.9999999999998,50,0,1.0,4
885,-244.9999999999998,50,0,1.0,3
886,-234.9999999999998,50,0,1.0,4
887,-234.99999999999983,50,0,1.0,4
888,-234.99999999999983,50,0,1.0,4
889,-234.9999999999998,50,0,1.0,4
890,-224.99999999999983,50,0,1.0,5
891,-234.99999999999983,50,0,1.0,4
892,-244.9999999999998,50,0,1.0,3
893,-244.99999999999983,50,0,1.0,3
894,-224.99999999999983,50,0,1.0,5
895,-234.99999999999983,50,0,1.0,4
896,-234.9999999999998,50,0,1.0,4
897,-244.9999999999998,50,0,1.0,3
898,-234.99999999999983,50,0,1.0,4
899,-244.99999999999983,50,0,1.0,3
900,-224.99999999999983,50,0,1.0,5
901,-224.99999999999983,50,0,1.0,5
902,-244.9999999999998,50,0,1.0,3
903,-244.9999999999998,50,0,1.0,3
904,-214.99999999999983,50,0,1.0,6
905,-234.99999999999983,50,0,1.0,4
906,-244.9999999999998,50,0,1.0,3
907,-234.99999999999983,50,0,1.0,4
908,-224.99999999999983,50,0,1.0,5
909,-234.99999999999983,50,0,1.0,4
910,-234.9999999999998,50,0,1.0,4
911,-244.9999999999998,50,0,1.0,3
912,-244.9999999999998,50,0,1.0,3
913,-234.99999999999983,50,0,1.0,4
914,-244.9999999999998,50,0,1.0,3
915,-234.99999999999983,50,0,1.0,4
916,-234.99999999999983,50,0,1.0,4
917,-244.99999999999983,50,0,1.0,3
918,-234.99999999999983,50,0,1.0,4
919,-234.9999999999998,50,0,1.0,4
920,-244.9999999999998,50,0,1.0,3
921,-244.9999999999998,50,0,1.0,3
922,-234.9999999999998,50,0,1.0,4
923,-254.9999999999998,50,0,1.0,2
924,-234.9999999999998,50,0,1.0,4
925,-244.9999999999998,50,0,1.0,3
926,-234.9999999999998,50,0,1.0,4
927,-224.9999999999998,50,0,1.0,5
928,-234.99999999999983,50,0,1.0,4
929,-224.99999999999983,50,0,1.0,5
930,-234.99999999999983,50,0,1.0,4
931,-224.99999999999983,50,0,1.0,5
932,-254.9999999999998,50,0,1.0,2
933,-234.99999999999983,50,0,1.0,4
934,-234.99999999999983,50,0,1.0,4
935,-234.99999999999983,50,0,1.0,4
936,-244.99999999999983,50,0,1.0,3
937,-254.9999999999998,50,0,1.0,2
938,-234.99999999999983,50,0,1.0,4
939,-234.99999999999983,50,0,1.0,4
940,-234.99999999999983,50,0,1.0,4
941,-224.99999999999983,50,0,1.0,5
942,-234.99999999999983,50,0,1.0,4
943,-224.99999999999983,50,0,1.0,5
944,-224.99999999999983,50,0,1.0,5
945,-234.99999999999983,50,0,1.0,4
946,-224.99999999999983,50,0,1.0,5
947,-234.99999999999983,50,0,1.0,4
948,-234.99999999999983,50,0,1.0,4
949,-244.9999999999998,50,0,1.0,3
950,-254.9999999999998,50,0,1.0,2
951,-234.99999999999983,50,0,1.0,4
952,-234.99999999999983,50,0,1.0,4
953,-244.99999999999983,50,0,1.0,3
954,-244.99999999999983,50,0,1.0,3
955,-244.99999999999983,50,0,1.0,3
956,-234.99999999999983,50,0,1.0,4
957,-234.99999999999983,50,0,1.0,4
958,-234.99999999999983,50,0,1.0,4
959,-234.9999999999998,50,0,1.0,4
960,-234.99999999999983,50,0,1.0,4
961,-234.99999999999983,50,0,1.0,4
962,-234.99999999999983,50,0,1.0,4
963,-254.9999999999998,50,0,1.0,2
964,-244.9999999999998,50,0,1.0,3
965,-234.99999999999983,50,0,1.0,4
966,-244.99999999999983,50,0,1.0,3
967,-234.99999999999983,50,0,1.0,4
968,-244.9999999999998,50,0,1.0,3
969,-224.99999999999983,50,0,1.0,5
970,-234.9999999999998,50,0,1.0,4
971,-234.99999999999983,50,0,1.0,4
972,-234.9999999999998,50,0,1.0,4
973,-234.99999999999983,50,0,1.0,4
974,-234.99999999999983,50,0,1.0,4
975,-244.99999999999983,50,0,1.0,3
976,-254.9999999999998,50,0,1.0,2
977,-234.99999999999983,50,0,1.0,4
978,-244.9999999999998,50,0,1.0,3
979,-234.99999999999983,50,0,1.0,4
980,-234.99999999999983,50,0,1.0,4
981,-234.9999999999998,50,0,1.0,4
982,-234.99999999999983,50,0,1.0,4
983,-234.99999999999983,50,0,1.0,4
984,-234.9999999999998,50,0,1.0,4
985,-234.9999999999998,50,0,1.0,4
986,-254.9999999999998,50,0,1.0,2
987,-234.99999999999983,50,0,1.0,4
988,-234.99999999999983,50,0,1.0,4
989,-234.99999999999983,50,0,1.0,4
990,-234.99999999999983,50,0,1.0,4
991,-234.99999999999983,50,0,1.0,4
992,-224.99999999999983,50,0,1.0,5
993,-234.99999999999983,50,0,1.0,4
994,-234.99999999999983,50,0,1.0,4
995,-234.99999999999983,50,0,1.0,4
996,-244.9999999999998,50,0,1.0,3
997,-234.99999999999983,50,0,1.0,4
998,-244.99999999999983,50,0,1.0,3
999,-234.99999999999983,50,0,1.0,4
1000,-234.9999999999998,50,0,1.0,4
1001,-254.9999999999998,50,0,1.0,2
1002,-234.99999999999983,50,0,1.0,4
1003,-234.99999999999983,50,0,1.0,4
1004,-234.99999999999983,50,0,1.0,4
1005,-234.99999999999983,50,0,1.0,4
1006,-234.9999999999998,50,0,1.0,4
1007,-224.99999999999983,50,0,1.0,5
1008,-224.99999999999983,50,0,1.0,5
1009,-234.99999999999983,50,0,1.0,4
1010,-244.99999999999983,50,0,1.0,3
1011,-244.99999999999983,50,0,1.0,3
1012,-224.99999999999983,50,0,1.0,5
1013,-234.99999999999983,50,0,1.0,4
1014,-234.99999999999983,50,0,1.0,4
1015,-224.99999999999983,50,0,1.0,5
1016,-214.99999999999983,50,0,1.0,6
1017,-234.99999999999983,50,0,1.0,4
1018,-234.99999999999983,50,0,1.0,4
1019,-224.99999999999983,50,0,1.0,5
1020,-234.9999999999998,50,0,1.0,4
1021,-244.9999999999998,50,0,1.0,3
1022,-254.9999999999998,50,0,1.0,2
1023,-214.99999999999983,50,0,1.0,6
1024,-234.9999999999998,50,0,1.0,4
1025,-224.99999999999983,50,0,1.0,5
1026,-214.99999999999983,50,0,1.0,6
1027,-234.9999999999998,50,0,1.0,4
1028,-224.99999999999983,50,0,1.0,5
1029,-224.99999999999983,50,0,1.0,5
1030,-214.9999999999998,50,0,1.0,6
1031,-224.99999999999983,50,0,1.0,5
1032,-214.99999999999983,50,0,1.0,6
1033,-234.9999999999998,50,0,1.0,4
1034,-234.9999999999998,50,0,1.0,4
1035,-224.99999999999983,50,0,1.0,5
1036,-234.9999999999998,50,0,1.0,4
1037,-214.99999999999983,50,0,1.0,6
1038,-224.99999999999983,50,0,1.0,5
1039,-234.99999999999983,50,0,1.0,4
1040,-254.9999999999998,50,0,1.0,2
1041,-224.99999999999983,50,0,1.0,5
1042,-214.99999999999983,50,0,1.0,6
1043,-234.99999999999983,50,0,1.0,4
1044,-244.9999999999998,50,0,1.0,3
1045,-254.9999999999998,50,0,1.0,2
1046,-234.99999999999983,50,0,1.0,4
1047,-244.9999999999998,50,0,1.0,3
1048,-244.9999999999998,50,0,1.0,3
1049,-214.99999999999983,50,0,1.0,6
1050,-224.99999999999983,50,0,1.0,5
1051,-214.9999999999998,50,0,1.0,6
1052,-234.99999999999983,50,0,1.0,4
1053,-234.99999999999983,50,0,1.0,4
1054,-214.99999999999983,50,0,1.0,6
1055,-224.9999999999998,50,0,1.0,5
1056,-244.9999999999998,50,0,1.0,3
1057,-214.99999999999983,50,0,1.0,6
1058,-214.99999999999983,50,0,1.0,6
1059,-214.99999999999983,50,0,1.0,6
1060,-234.99999999999983,50,0,1.0,4
1061,-224.99999999999983,50,0,1.0,5
1062,-244.99999999999983,50,0,1.0,3
1063,-234.99999999999983,50,0,1.0,4
1064,-234.9999999999998,50,0,1.0,4
1065,-234.99999999999983,50,0,1.0,4
1066,-234.99999999999983,50,0,1.0,4
1067,-234.99999999999983,50,0,1.0,4
1068,-214.99999999999983,50,0,1.0,6
1069,-224.99999999999983,50,0,1.0,5
1070,-234.99999999999983,50,0,1.0,4
1071,-234.99999999999983,50,0,1.0,4
1072,-244.9999999999998,50,0,1.0,3
1073,-234.99999999999983,50,0,1.0,4
1074,-224.99999999999983,50,0,1.0,5
1075,-234.9999999999998,50,0,1.0,4
1076,-234.99999999999983,50,0,1.0,4
1077,-254.9999999999998,50,0,1.0,2
1078,-224.99999999999983,50,0,1.0,5
1079,-214.99999999999983,50,0,1.0,6
1080,-234.99999999999983,50,0,1.0,4
1081,-234.99999999999983,50,0,1.0,4
1082,-234.99999999999983,50,0,1.0,4
1083,-234.99999999999983,50,0,1.0,4
1084,-244.9999999999998,50,0,1.0,3
1085,-244.9999999999998,50,0,1.0,3
1086,-214.99999999999983,50,0,1.0,6
1087,-214.99999999999983,50,0,1.0,6
1088,-244.99999999999983,50,0,1.0,3
1089,-234.99999999999983,50,0,1.0,4
1090,-214.99999999999983,50,0,1.0,6
1091,-214.99999999999983,50,0,1.0,6
1092,-224.99999999999983,50,0,1.0,5
1093,-224.9999999999998,50,0,1.0,5
1094,-204.99999999999983,50,0,1.0,7
1095,-224.99999999999983,50,0,1.0,5
1096,-234.9999999999998,50,0,1.0,4
1097,-234.99999999999983,50,0,1.0,4
1098,-234.99999999999983,50,0,1.0,4
1099,-234.99999999999983,50,0,1.0,4
1100,-234.9999999999998,50,0,1.0,4
1101,-254.9999999999998,50,0,1.0,2
1102,-254.9999999999998,50,0,1.0,2
1103,-234.9999999999998,50,0,1.0,4
1104,-234.99999999999983,50,0,1.0,4
1105,-234.9999999999998,50,0,1.0,4
1106,-234.99999999999983,50,0,1.0,4
1107,-244.9999999999998,50,0,1.0,3
1108,-254.9999999999998,50,0,1.0,2
1109,-244.9999999999998,50,0,1.0,3
1110,-244.9999999999998,50,0,1.0,3
1111,-234.99999999999983,50,0,1.0,4
1112,-234.99999999999983,50,0,1.0,4
1113,-234.9999999999998,50,0,1.0,4
1114,-234.99999999999983,50,0,1.0,5
1115,-254.9999999999998,50,0,1.0,2
1116,-254.9999999999998,50,0,1.0,2
1117,-224.99999999999983,50,0,1.0,5
1118,-224.99999999999983,50,0,1.0,5
1119,-234.99999999999983,50,0,1.0,4
1120,-224.99999999999983,50,0,1.0,5
1121,-214.99999999999983,50,0,1.0,6
1122,-234.9999999999998,50,0,1.0,4
1123,-234.99999999999983,50,0,1.0,4
1124,-234.99999999999983,50,0,1.0,4
1125,-244.9999999999998,50,0,1.0,3
1126,-244.9999999999998,50,0,1.0,3
1127,-234.99999999999983,50,0,1.0,4
1128,-234.99999999999983,50,0,1.0,4
1129,-234.99999999999983,50,0,1.0,4
1130,-234.9999999999998,50,0,1.0,4
1131,-254.9999999999998,50,0,1.0,2
1132,-234.99999999999983,50,0,1.0,4
1133,-234.99999999999983,50,0,1.0,4
1134,-234.99999999999983,50,0,1.0,4
1135,-234.99999999999983,50,0,1.0,4
1136,-224.99999999999983,50,0,1.0,5
1137,-234.99999999999983,50,0,1.0,4
1138,-224.99999999999983,50,0,1.0,5
1139,-204.99999999999983,50,0,1.0,7
1140,-224.99999999999983,50,0,1.0,5
1141,-234.9999999999998,50,0,1.0,4
1142,-244.9999999999998,50,0,1.0,3
1143,-244.9999999999998,50,0,1.0,3
1144,-224.99999999999983,50,0,1.0,5
1145,-224.99999999999983,50,0,1.0,5
1146,-224.99999999999983,50,0,1.0,5
1147,-244.9999999999998,50,0,1.0,3
1148,-234.99999999999983,50,0,1.0,4
1149,-214.99999999999983,50,0,1.0,6
1150,-244.9999999999998,50,0,1.0,3
1151,-214.99999999999983,50,0,1.0,6
1152,-214.9999999999998,50,0,1.0,6
1153,-214.99999999999983,50,0,1.0,6
1154,-234.9999999999998,50,0,1.0,4
1155,-214.9999999999998,50,0,1.0,6
1156,-234.9999999999998,50,0,1.0,4
1157,-234.99999999999983,50,0,1.0,4
1158,-244.9999999999998,50,0,1.0,3
1159,-254.9999999999998,50,0,1.0,2
1160,-254.9999999999998,50,0,1.0,2
1161,-224.99999999999983,50,0,1.0,5
1162,-234.99999999999983,50,0,1.0,4
1163,-224.99999999999983,50,0,1.0,5
1164,-214.99999999999983,50,0,1.0,6
1165,-244.9999999999998,50,0,1.0,3
1166,-234.99999999999983,50,0,1.0,4
1167,-234.99999999999983,50,0,1.0,4
1168,-254.9999999999998,50,0,1.0,2
1169,-224.9999999999998,50,0,1.0,5
1170,-214.99999999999983,50,0,1.0,6
1171,-224.99999999999983,50,0,1.0,5
1172,-244.9999999999998,50,0,1.0,3
1173,-214.99999999999983,50,0,1.0,6
1174,-214.99999999999983,50,0,1.0,6
1175,-224.99999999999983,50,0,1.0,5
1176,-224.99999999999983,50,0,1.0,5
1177,-234.99999999999983,50,0,1.0,4
1178,-234.99999999999983,50,0,1.0,4
1179,-214.99999999999983,50,0,1.0,6
1180,-214.99999999999983,50,0,1.0,6
1181,-234.99999999999983,50,0,1.0,4
1182,-234.99999999999983,50,0,1.0,4
1183,-244.99999999999983,50,0,1.0,3
1184,-234.99999999999983,50,0,1.0,4
1185,-234.99999999999983,50,0,1.0,4
1186,-234.99999999999983,50,0,1.0,4
1187,-244.9999999999998,50,0,1.0,3
1188,-234.9999999999998,50,0,1.0,4
1189,-254.9999999999998,50,0,1.0,2
1190,-234.9999999999998,50,0,1.0,4
1191,-234.99999999999983,50,0,1.0,4
1192,-234.99999999999983,50,0,1.0,4
1193,-234.99999999999983,50,0,1.0,4
1194,-254.9999999999998,50,0,1.0,2
1195,-234.99999999999983,50,0,1.0,4
1196,-224.99999999999983,50,0,1.0,5
1197,-224.99999999999983,50,0,1.0,5
1198,-254.9999999999998,50,0,1.0,2
1199,-234.99999999999983,50,0,1.0,4
1200,-244.9999999999998,50,0,1.0,3
1201,-254.9999999999998,50,0,1.0,2
1202,-214.99999999999983,50,0,1.0,6
1203,-224.99999999999983,50,0,1.0,5
1204,-224.99999999999983,50,0,1.0,5
1205,-214.99999999999983,50,0,1.0,6
1206,-244.9999999999998,50,0,1.0,3
1207,-214.99999999999983,50,0,1.0,6
1208,-234.9999999999998,50,0,1.0,4
1209,-234.99999999999983,50,0,1.0,4
1210,-224.99999999999983,50,0,1.0,5
1211,-234.99999999999983,50,0,1.0,4
1212,-234.99999999999983,50,0,1.0,4
1213,-234.99999999999983,50,0,1.0,4
1214,-234.9999999999998,50,0,1.0,4
1215,-214.99999999999983,50,0,1.0,6
1216,-234.99999999999983,50,0,1.0,4
1217,-224.99999999999983,50,0,1.0,5
1218,-234.99999999999983,50,0,1.0,4
1219,-224.99999999999983,50,0,1.0,5
1220,-224.99999999999983,50,0,1.0,5
1221,-234.9999999999998,50,0,1.0,4
1222,-244.9999999999998,50,0,1.0,3
1223,-234.99999999999983,50,0,1.0,4
1224,-234.9999999999998,50,0,1.0,4
1225,-234.9999999999998,50,0,1.0,4
1226,-234.99999999999983,50,0,1.0,4
1227,-234.99999999999983,50,0,1.0,4
1228,-234.99999999999983,50,0,1.0,4
1229,-234.9999999999998,50,0,1.0,4
1230,-234.99999999999983,50,0,1.0,4
1231,-234.99999999999983,50,0,1.0,4
1232,-234.99999999999983,50,0,1.0,4
1233,-234.99999999999983,50,0,1.0,4
1234,-234.99999999999983,50,0,1.0,4
1235,-224.99999999999983,50,0,1.0,5
1236,-234.99999999999983,50,0,1.0,4
1237,-254.9999999999998,50,0,1.0,2
1238,-244.9999999999998,50,0,1.0,3
1239,-214.99999999999983,50,0,1.0,6
1240,-224.99999999999983,50,0,1.0,5
1241,-244.9999999999998,50,0,1.0,3
1242,-234.99999999999983,50,0,1.0,4
1243,-244.9999999999998,50,0,1.0,3
1244,-214.99999999999983,50,0,1.0,6
1245,-224.99999999999983,50,0,1.0,5
1246,-234.99999999999983,50,0,1.0,4
1247,-234.99999999999983,50,0,1.0,4
1248,-224.99999999999983,50,0,1.0,5
1249,-224.99999999999983,50,0,1.0,5
1250,-214.99999999999983,50,0,1.0,6
1251,-234.99999999999983,50,0,1.0,4
1252,-234.99999999999983,50,0,1.0,4
1253,-234.99999999999983,50,0,1.0,4
1254,-244.9999999999998,50,0,1.0,3
1255,-234.99999999999983,50,0,1.0,4
1256,-244.9999999999998,50,0,1.0,3
1257,-244.9999999999998,50,0,1.0,3
1258,-234.99999999999983,50,0,1.0,4
1259,-224.99999999999983,50,0,1.0,5
1260,-234.99999999999983,50,0,1.0,4
1261,-234.99999999999983,50,0,1.0,4
1262,-244.9999999999998,50,0,1.0,3
1263,-254.9999999999998,50,0,1.0,2
1264,-234.99999999999983,50,0,1.0,4
1265,-224.99999999999983,50,0,1.0,5
1266,-244.9999999999998,50,0,1.0,3
1267,-234.99999999999983,50,0,1.0,4
1268,-234.99999999999983,50,0,1.0,4
1269,-234.99999999999983,50,0,1.0,4
1270,-244.9999999999998,50,0,1.0,3
1271,-224.99999999999983,50,0,1.0,5
1272,-224.99999999999983,50,0,1.0,5
1273,-234.99999999999983,50,0,1.0,4
1274,-234.9999999999998,50,0,1.0,4
1275,-224.99999999999983,50,0,1.0,5
1276,-254.9999999999998,50,0,1.0,2
1277,-254.9999999999998,50,0,1.0,2
1278,-254.9999999999998,50,0,1.0,2
1279,-254.9999999999998,50,0,1.0,2
1280,-234.99999999999983,50,0,1.0,4
1281,-234.9999999999998,50,0,1.0,4
1282,-244.9999999999998,50,0,1.0,3
1283,-224.99999999999983,50,0,1.0,5
1284,-244.99999999999983,50,0,1.0,3
1285,-234.99999999999983,50,0,1.0,4
1286,-244.9999999999998,50,0,1.0,3
1287,-254.9999999999998,50,0,1.0,2
1288,-234.9999999999998,50,0,1.0,4
1289,-234.99999999999983,50,0,1.0,4
1290,-234.99999999999983,50,0,1.0,4
1291,-254.9999999999998,50,0,1.0,2
1292,-234.99999999999983,50,0,1.0,4
1293,-234.99999999999983,50,0,1.0,4
1294,-244.99999999999983,50,0,1.0,3
1295,-244.9999999999998,50,0,1.0,3
1296,-234.99999999999983,50,0,1.0,4
1297,-254.9999999999998,50,0,1.0,2
1298,-234.99999999999983,50,0,1.0,4
1299,-234.9999999999998,50,0,1.0,4
1300,-254.9999999999998,50,0,1.0,2
1301,-224.99999999999983,50,0,1.0,5
1302,-234.99999999999983,50,0,1.0,4
1303,-234.99999999999983,50,0,1.0,4
1304,-234.99999999999983,50,0,1.0,4
1305,-254.9999999999998,50,0,1.0,2
1306,-234.99999999999983,50,0,1.0,4
1307,-234.99999999999983,50,0,1.0,4
1308,-254.9999999999998,50,0,1.0,2
1309,-234.9999999999998,50,0,1.0,4
1310,-234.99999999999983,50,0,1.0,4
1311,-234.99999999999983,50,0,1.0,4
1312,-244.9999999999998,50,0,1.0,3
1313,-234.99999999999983,50,0,1.0,4
1314,-214.99999999999983,50,0,1.0,6
1315,-234.99999999999983,50,0,1.0,4
1316,-234.99999999999983,50,0,1.0,4
1317,-234.99999999999983,50,0,1.0,4
1318,-234.9999999999998,50,0,1.0,4
1319,-234.99999999999983,50,0,1.0,4
1320,-224.99999999999983,50,0,1.0,5
1321,-234.9999999999998,50,0,1.0,4
1322,-224.99999999999983,50,0,1.0,5
1323,-234.99999999999983,50,0,1.0,4
1324,-234.99999999999983,50,0,1.0,4
1325,-234.99999999999983,50,0,1.0,4
1326,-234.99999999999983,50,0,1.0,4
1327,-234.9999999999998,50,0,1.0,4
1328,-254.9999999999998,50,0,1.0,2
1329,-234.99999999999983,50,0,1.0,4
1330,-234.99999999999983,50,0,1.0,4
1331,-234.99999999999983,50,0,1.0,4
1332,-234.99999999999983,50,0,1.0,4
1333,-254.9999999999998,50,0,1.0,2
1334,-254.9999999999998,50,0,1.0,2
1335,-234.99999999999983,50,0,1.0,4
1336,-234.99999999999983,50,0,1.0,4
1337,-254.9999999999998,50,0,1.0,2
1338,-254.9999999999998,50,0,1.0,2
1339,-254.9999999999998,50,0,1.0,2
1340,-234.99999999999983,50,0,1.0,4
1341,-224.99999999999983,50,0,1.0,5
1342,-234.99999999999983,50,0,1.0,4
1343,-214.99999999999983,50,0,1.0,6
1344,-214.99999999999983,50,0,1.0,6
1345,-224.99999999999983,50,0,1.0,5
1346,-254.9999999999998,50,0,1.0,2
1347,-254.9999999999998,50,0,1.0,2
1348,-234.99999999999983,50,0,1.0,4
1349,-234.99999999999983,50,0,1.0,4
1350,-234.9999999999998,50,0,1.0,4
1351,-234.99999999999983,50,0,1.0,4
1352,-234.99999999999983,50,0,1.0,4
1353,-234.99999999999983,50,0,1.0,4
1354,-234.99999999999983,50,0,1.0,4
1355,-234.99999999999983,50,0,1.0,4
1356,-244.9999999999998,50,0,1.0,3
1357,-234.99999999999983,50,0,1.0,4
1358,-234.99999999999983,50,0,1.0,4
1359,-214.99999999999983,50,0,1.0,6
1360,-234.9999999999998,50,0,1.0,4
1361,-244.9999999999998,50,0,1.0,3
1362,-224.99999999999983,50,0,1.0,5
1363,-224.99999999999983,50,0,1.0,5
1364,-234.99999999999983,50,0,1.0,4
1365,-224.99999999999983,50,0,1.0,5
1366,-254.9999999999998,50,0,1.0,2
1367,-234.9999999999998,50,0,1.0,4
1368,-244.9999999999998,50,0,1.0,3
1369,-234.99999999999983,50,0,1.0,4
1370,-234.99999999999983,50,0,1.0,4
1371,-224.99999999999983,50,0,1.0,5
1372,-234.9999999999998,50,0,1.0,4
1373,-234.99999999999983,50,0,1.0,4
1374,-254.9999999999998,50,0,1.0,2
1375,-224.99999999999983,50,0,1.0,5
1376,-254.9999999999998,50,0,1.0,2
1377,-234.99999999999983,50,0,1.0,4
1378,-234.99999999999983,50,0,1.0,4
1379,-234.99999999999983,50,0,1.0,4
1380,-234.99999999999983,50,0,1.0,4
1381,-234.99999999999983,50,0,1.0,4
1382,-234.99999999999983,50,0,1.0,4
1383,-224.99999999999983,50,0,1.0,5
1384,-234.9999999999998,50,0,1.0,4
1385,-234.99999999999983,50,0,1.0,4
1386,-244.9999999999998,50,0,1.0,3
1387,-224.9999999999998,50,0,1.0,5
1388,-214.99999999999983,50,0,1.0,6
1389,-224.9999999999998,50,0,1.0,5
1390,-254.9999999999998,50,0,1.0,2
1391,-244.9999999999998,50,0,1.0,3
1392,-244.9999999999998,50,0,1.0,3
1393,-244.99999999999983,50,0,1.0,3
1394,-224.99999999999983,50,0,1.0,5
1395,-234.9999999999998,50,0,1.0,4
1396,-254.9999999999998,50,0,1.0,2
1397,-224.99999999999983,50,0,1.0,5
1398,-234.99999999999983,50,0,1.0,4
1399,-234.99999999999983,50,0,1.0,4
1400,-234.99999999999983,50,0,1.0,4
1401,-224.99999999999983,50,0,1.0,5
1402,-214.99999999999983,50,0,1.0,6
1403,-224.99999999999983,50,0,1.0,5
1404,-234.9999999999998,50,0,1.0,4
1405,-224.99999999999983,50,0,1.0,5
1406,-234.99999999999983,50,0,1.0,4
1407,-234.99999999999983,50,0,1.0,4
1408,-234.9999999999998,50,0,1.0,4
1409,-204.99999999999983,50,0,1.0,7
1410,-224.99999999999983,50,0,1.0,5
1411,-234.9999999999998,50,0,1.0,4
1412,-234.99999999999983,50,0,1.0,4
1413,-244.9999999999998,50,0,1.0,3
1414,-214.99999999999983,50,0,1.0,6
1415,-214.99999999999983,50,0,1.0,6
1416,-224.99999999999983,50,0,1.0,5
1417,-234.99999999999983,50,0,1.0,4
1418,-254.9999999999998,50,0,1.0,2
1419,-254.9999999999998,50,0,1.0,2
1420,-234.99999999999983,50,0,1.0,4
1421,-234.99999999999983,50,0,1.0,4
1422,-244.9999999999998,50,0,1.0,3
1423,-214.99999999999983,50,0,1.0,6
1424,-224.99999999999983,50,0,1.0,5
1425,-214.99999999999983,50,0,1.0,6
1426,-244.99999999999983,50,0,1.0,3
1427,-214.99999999999983,50,0,1.0,6
1428,-224.99999999999983,50,0,1.0,5
1429,-234.9999999999998,50,0,1.0,4
1430,-224.9999999999998,50,0,1.0,5
1431,-234.99999999999983,50,0,1.0,4
1432,-244.99999999999983,50,0,1.0,3
1433,-254.9999999999998,50,0,1.0,2
1434,-234.99999999999983,50,0,1.0,4
1435,-234.99999999999983,50,0,1.0,4
1436,-224.99999999999983,50,0,1.0,5
1437,-244.9999999999998,50,0,1.0,3
1438,-244.9999999999998,50,0,1.0,3
1439,-204.99999999999983,50,0,1.0,7
1440,-224.99999999999983,50,0,1.0,5
1441,-234.99999999999983,50,0,1.0,4
1442,-234.99999999999983,50,0,1.0,4
1443,-234.99999999999983,50,0,1.0,4
1444,-234.99999999999983,50,0,1.0,4
1445,-234.99999999999983,50,0,1.0,4
1446,-234.99999999999983,50,0,1.0,4
1447,-254.9999999999998,50,0,1.0,2
1448,-254.9999999999998,50,0,1.0,2
1449,-234.99999999999983,50,0,1.0,4
1450,-234.99999999999983,50,0,1.0,4
1451,-234.99999999999983,50,0,1.0,4
1452,-234.99999999999983,50,0,1.0,4
1453,-234.9999999999998,50,0,1.0,4
1454,-234.99999999999983,50,0,1.0,4
1455,-234.99999999999983,50,0,1.0,4
1456,-234.99999999999983,50,0,1.0,4
1457,-234.9999999999998,50,0,1.0,4
1458,-234.99999999999983,50,0,1.0,4
1459,-234.99999999999983,50,0,1.0,4
1460,-234.99999999999983,50,0,1.0,4
1461,-234.99999999999983,50,0,1.0,4
1462,-224.99999999999983,50,0,1.0,5
1463,-234.99999999999983,50,0,1.0,4
1464,-254.9999999999998,50,0,1.0,2
1465,-234.99999999999983,50,0,1.0,4
1466,-254.9999999999998,50,0,1.0,2
1467,-254.9999999999998,50,0,1.0,2
1468,-254.9999999999998,50,0,1.0,2
1469,-234.99999999999983,50,0,1.0,4
1470,-234.99999999999983,50,0,1.0,4
1471,-244.99999999999983,50,0,1.0,3
1472,-234.99999999999983,50,0,1.0,4
1473,-234.99999999999983,50,0,1.0,4
1474,-254.9999999999998,50,0,1.0,2
1475,-224.9999999999998,50,0,1.0,5
1476,-254.9999999999998,50,0,1.0,2
1477,-234.9999999999998,50,0,1.0,4
1478,-234.99999999999983,50,0,1.0,4
1479,-254.9999999999998,50,0,1.0,2
1480,-234.9999999999998,50,0,1.0,4
1481,-234.99999999999983,50,0,1.0,4
1482,-234.99999999999983,50,0,1.0,4
1483,-234.99999999999983,50,0,1.0,4
1484,-234.99999999999983,50,0,1.0,4
1485,-244.99999999999983,50,0,1.0,3
1486,-254.9999999999998,50,0,1.0,2
1487,-234.99999999999983,50,0,1.0,4
1488,-234.99999999999983,50,0,1.0,4
1489,-234.99999999999983,50,0,1.0,4
1490,-234.99999999999983,50,0,1.0,4
1491,-234.99999999999983,50,0,1.0,4
1492,-234.99999999999983,50,0,1.0,4
1493,-234.99999999999983,50,0,1.0,4
1494,-244.9999999999998,50,0,1.0,3
1495,-244.99999999999983,50,0,1.0,3
1496,-234.99999999999983,50,0,1.0,4
1497,-234.99999999999983,50,0,1.0,4
1498,-234.99999999999983,50,0,1.0,4
1499,-234.99999999999983,50,0,1.0,4
1500,-234.99999999999983,50,0,1.0,4
1501,-244.9999999999998,50,0,1.0,3
1502,-234.99999999999983,50,0,1.0,4
1503,-244.9999999999998,50,0,1.0,3
1504,-254.9999999999998,50,0,1.0,2
1505,-224.99999999999983,50,0,1.0,5
1506,-254.9999999999998,50,0,1.0,2
1507,-234.99999999999983,50,0,1.0,4
1508,-244.9999999999998,50,0,1.0,3
1509,-244.99999999999983,50,0,1.0,3
1510,-224.99999999999983,50,0,1.0,5
1511,-234.99999999999983,50,0,1.0,4
1512,-234.9999999999998,50,0,1.0,4
1513,-224.99999999999983,50,0,1.0,6
1514,-224.99999999999983,50,0,1.0,5
1515,-234.99999999999983,50,0,1.0,4
1516,-234.99999999999983,50,0,1.0,4
1517,-234.99999999999983,50,0,1.0,4
1518,-254.9999999999998,50,0,1.0,2
1519,-254.9999999999998,50,0,1.0,2
1520,-254.9999999999998,50,0,1.0,2
1521,-234.9999999999998,50,0,1.0,4
1522,-254.9999999999998,50,0,1.0,2
1523,-234.99999999999983,50,0,1.0,4
1524,-234.99999999999983,50,0,1.0,4
1525,-234.99999999999983,50,0,1.0,4
1526,-234.99999999999983,50,0,1.0,4
1527,-234.99999999999983,50,0,1.0,4
1528,-224.99999999999983,50,0,1.0,5
1529,-254.9999999999998,50,0,1.0,2
1530,-234.99999999999983,50,0,1.0,4
1531,-234.99999999999983,50,0,1.0,4
1532,-224.99999999999983,50,0,1.0,5
1533,-224.99999999999983,50,0,1.0,5
1534,-244.9999999999998,50,0,1.0,3
1535,-254.9999999999998,50,0,1.0,2
1536,-224.99999999999983,50,0,1.0,5
1537,-224.99999999999983,50,0,1.0,5
1538,-234.99999999999983,50,0,1.0,4
1539,-234.99999999999983,50,0,1.0,4
1540,-204.99999999999983,50,0,1.0,7
1541,-234.9999999999998,50,0,1.0,4
1542,-254.9999999999998,50,0,1.0,2
1543,-244.9999999999998,50,0,1.0,3
1544,-224.99999999999983,50,0,1.0,5
1545,-234.9999999999998,50,0,1.0,4
1546,-224.99999999999983,50,0,1.0,5
1547,-244.99999999999983,50,0,1.0,3
1548,-244.9999999999998,50,0,1.0,3
1549,-234.99999999999983,50,0,1.0,4
1550,-254.9999999999998,50,0,1.0,2
1551,-254.9999999999998,50,0,1.0,2
1552,-224.99999999999983,50,0,1.0,5
1553,-234.99999999999983,50,0,1.0,4
1554,-224.99999999999983,50,0,1.0,5
1555,-224.99999999999983,50,0,1.0,5
1556,-224.99999999999983,50,0,1.0,5
1557,-234.99999999999983,50,0,1.0,4
1558,-254.9999999999998,50,0,1.0,2
1559,-234.99999999999983,50,0,1.0,4
1560,-244.9999999999998,50,0,1.0,3
1561,-224.99999999999983,50,0,1.0,5
1562,-234.99999999999983,50,0,1.0,4
1563,-234.99999999999983,50,0,1.0,4
1564,-244.99999999999983,50,0,1.0,3
1565,-224.99999999999983,50,0,1.0,5
1566,-234.9999999999998,50,0,1.0,4
1567,-224.99999999999983,50,0,1.0,5
1568,-224.99999999999983,50,0,1.0,5
1569,-254.9999999999998,50,0,1.0,2
1570,-224.99999999999983,50,0,1.0,5
1571,-224.99999999999983,50,0,1.0,5
1572,-244.9999999999998,50,0,1.0,3
1573,-254.9999999999998,50,0,1.0,2
1574,-254.9999999999998,50,0,1.0,2
1575,-244.9999999999998,50,0,1.0,3
1576,-234.99999999999983,50,0,1.0,4
1577,-234.99999999999983,50,0,1.0,4
1578,-234.99999999999983,50,0,1.0,4
1579,-224.99999999999983,50,0,1.0,5
1580,-234.9999999999998,50,0,1.0,4
1581,-244.9999999999998,50,0,1.0,3
1582,-244.9999999999998,50,0,1.0,3
1583,-254.9999999999998,50,0,1.0,2
1584,-234.9999999999998,50,0,1.0,4
1585,-214.9999999999998,50,0,1.0,6
1586,-214.99999999999983,50,0,1.0,6
1587,-214.99999999999983,50,0,1.0,6
1588,-224.99999999999983,50,0,1.0,5
1589,-244.9999999999998,50,0,1.0,3
1590,-254.9999999999998,50,0,1.0,2
1591,-224.99999999999983,50,0,1.0,5
1592,-214.99999999999983,50,0,1.0,6
1593,-234.99999999999983,50,0,1.0,4
1594,-234.99999999999983,50,0,1.0,4
1595,-224.9999999999998,50,0,1.0,5
1596,-244.99999999999983,50,0,1.0,3
1597,-214.99999999999983,50,0,1.0,6
1598,-214.99999999999983,50,0,1.0,6
1599,-214.99999999999983,50,0,1.0,6
1600,-214.99999999999983,50,0,1.0,6
1601,-244.9999999999998,50,0,1.0,3
1602,-214.99999999999983,50,0,1.0,6
1603,-214.99999999999983,50,0,1.0,6
1604,-224.9999999999998,50,0,1.0,5
1605,-244.9999999999998,50,0,1.0,3
1606,-244.9999999999998,50,0,1.0,3
1607,-234.99999999999983,50,0,1.0,4
1608,-224.99999999999983,50,0,1.0,5
1609,-224.99999999999983,50,0,1.0,5
1610,-254.9999999999998,50,0,1.0,2
1611,-214.99999999999983,50,0,1.0,6
1612,-214.99999999999983,50,0,1.0,6
1613,-244.9999999999998,50,0,1.0,3
1614,-234.99999999999983,50,0,1.0,4
1615,-214.99999999999983,50,0,1.0,6
1616,-224.99999999999983,50,0,1.0,5
1617,-254.9999999999998,50,0,1.0,2
1618,-234.99999999999983,50,0,1.0,4
1619,-234.99999999999983,50,0,1.0,4
1620,-244.9999999999998,50,0,1.0,3
1621,-234.99999999999983,50,0,1.0,4
1622,-224.99999999999983,50,0,1.0,5
1623,-244.99999999999983,50,0,1.0,3
1624,-234.99999999999983,50,0,1.0,4
1625,-244.99999999999983,50,0,1.0,3
1626,-224.99999999999983,50,0,1.0,5
1627,-234.99999999999983,50,0,1.0,4
1628,-234.99999999999983,50,0,1.0,4
1629,-254.9999999999998,50,0,1.0,2
1630,-234.99999999999983,50,0,1.0,4
1631,-244.99999999999983,50,0,1.0,3
1632,-234.99999999999983,50,0,1.0,4
1633,-234.99999999999983,50,0,1.0,4
1634,-234.99999999999983,50,0,1.0,4
1635,-254.9999999999998,50,0,1.0,2
1636,-234.99999999999983,50,0,1.0,4
1637,-234.99999999999983,50,0,1.0,4
1638,-234.99999999999983,50,0,1.0,4
1639,-234.99999999999983,50,0,1.0,4
1640,-234.99999999999983,50,0,1.0,4
1641,-234.99999999999983,50,0,1.0,4
1642,-234.9999999999998,50,0,1.0,4
1643,-234.99999999999983,50,0,1.0,4
1644,-254.9999999999998,50,0,1.0,2
1645,-234.99999999999983,50,0,1.0,4
1646,-244.9999999999998,50,0,1.0,3
1647,-234.99999999999983,50,0,1.0,4
1648,-234.99999999999983,50,0,1.0,4
1649,-244.9999999999998,50,0,1.0,3
1650,-254.9999999999998,50,0,1.0,2
1651,-234.99999999999983,50,0,1.0,4
1652,-234.99999999999983,50,0,1.0,4
1653,-234.99999999999983,50,0,1.0,4
1654,-234.99999999999983,50,0,1.0,4
1655,-244.99999999999983,50,0,1.0,3
1656,-234.99999999999983,50,0,1.0,4
1657,-234.99999999999983,50,0,1.0,4
1658,-234.99999999999983,50,0,1.0,4
1659,-224.99999999999983,50,0,1.0,5
1660,-244.99999999999983,50,0,1.0,3
1661,-234.99999999999983,50,0,1.0,4
1662,-234.99999999999983,50,0,1.0,4
1663,-234.99999999999983,50,0,1.0,4
1664,-234.99999999999983,50,0,1.0,4
1665,-234.99999999999983,50,0,1.0,4
1666,-234.99999999999983,50,0,1.0,4
1667,-234.99999999999983,50,0,1.0,4
1668,-234.99999999999983,50,0,1.0,4
1669,-234.99999999999983,50,0,1.0,4
1670,-234.99999999999983,50,0,1.0,4
1671,-224.99999999999983,50,0,1.0,5
1672,-234.99999999999983,50,0,1.0,4
1673,-244.9999999999998,50,0,1.0,3
1674,-234.99999999999983,50,0,1.0,4
1675,-224.9999999999998,50,0,1.0,5
1676,-234.99999999999983,50,0,1.0,4
1677,-234.99999999999983,50,0,1.0,4
1678,-254.9999999999998,50,0,1.0,2
1679,-234.99999999999983,50,0,1.0,4
1680,-234.99999999999983,50,0,1.0,4
1681,-244.9999999999998,50,0,1.0,3
1682,-214.99999999999983,50,0,1.0,6
1683,-214.99999999999983,50,0,1.0,6
1684,-234.99999999999983,50,0,1.0,4
1685,-244.9999999999998,50,0,1.0,3
1686,-244.99999999999983,50,0,1.0,3
1687,-224.99999999999983,50,0,1.0,5
1688,-234.99999999999983,50,0,1.0,4
1689,-214.99999999999983,50,0,1.0,6
1690,-214.99999999999983,50,0,1.0,6
1691,-244.9999999999998,50,0,1.0,3
1692,-234.9999999999998,50,0,1.0,4
1693,-254.9999999999998,50,0,1.0,2
1694,-204.99999999999983,50,0,1.0,7
1695,-254.9999999999998,50,0,1.0,2
1696,-204.99999999999983,50,0,1.0,7
1697,-234.99999999999983,50,0,1.0,4
1698,-224.99999999999983,50,0,1.0,5
1699,-234.99999999999983,50,0,1.0,4
1700,-234.99999999999983,50,0,1.0,4
1701,-234.99999999999983,50,0,1.0,4
1702,-234.99999999999983,50,0,1.0,4
1703,-244.9999999999998,50,0,1.0,3
1704,-224.99999999999983,50,0,1.0,5
1705,-234.99999999999983,50,0,1.0,4
1706,-234.99999999999983,50,0,1.0,4
1707,-244.99999999999983,50,0,1.0,3
1708,-244.9999999999998,50,0,1.0,3
1709,-214.99999999999983,50,0,1.0,6
1710,-224.99999999999983,50,0,1.0,5
1711,-224.99999999999983,50,0,1.0,5
1712,-224.99999999999983,50,0,1.0,5
1713,-234.99999999999983,50,0,1.0,4
1714,-224.99999999999983,50,0,1.0,5
1715,-234.99999999999983,50,0,1.0,4
1716,-244.9999999999998,50,0,1.0,3
1717,-204.99999999999983,50,0,1.0,7
1718,-224.99999999999983,50,0,1.0,5
1719,-214.99999999999983,50,0,1.0,7
1720,-214.99999999999983,50,0,1.0,6
1721,-234.99999999999983,50,0,1.0,4
1722,-234.99999999999983,50,0,1.0,4
1723,-234.99999999999983,50,0,1.0,4
1724,-234.99999999999983,50,0,1.0,4
1725,-234.99999999999983,50,0,1.0,4
1726,-214.99999999999983,50,0,1.0,6
1727,-224.99999999999983,50,0,1.0,5
1728,-214.99999999999983,50,0,1.0,6
1729,-234.99999999999983,50,0,1.0,4
1730,-254.9999999999998,50,0,1.0,2
1731,-224.99999999999983,50,0,1.0,5
1732,-234.99999999999983,50,0,1.0,4
1733,-224.99999999999983,50,0,1.0,5
1734,-224.99999999999983,50,0,1.0,5
1735,-244.99999999999983,50,0,1.0,3
1736,-254.9999999999998,50,0,1.0,2
1737,-234.99999999999983,50,0,1.0,4
1738,-224.99999999999983,50,0,1.0,5
1739,-224.99999999999983,50,0,1.0,5
1740,-234.99999999999983,50,0,1.0,4
1741,-204.99999999999983,50,0,1.0,7
1742,-234.9999999999998,50,0,1.0,4
1743,-234.99999999999983,50,0,1.0,4
1744,-234.9999999999998,50,0,1.0,4
1745,-234.99999999999983,50,0,1.0,4
1746,-244.99999999999983,50,0,1.0,3
1747,-234.99999999999983,50,0,1.0,4
1748,-234.99999999999983,50,0,1.0,4
1749,-234.99999999999983,50,0,1.0,4
1750,-234.99999999999983,50,0,1.0,4
1751,-234.99999999999983,50,0,1.0,4
1752,-234.99999999999983,50,0,1.0,4
1753,-234.99999999999983,50,0,1.0,4
1754,-244.99999999999983,50,0,1.0,3
1755,-244.99999999999983,50,0,1.0,3
1756,-254.9999999999998,50,0,1.0,2
1757,-224.99999999999983,50,0,1.0,5
1758,-244.99999999999983,50,0,1.0,3
1759,-214.99999999999983,50,0,1.0,6
1760,-224.99999999999983,50,0,1.0,5
1761,-234.9999999999998,50,0,1.0,4
1762,-254.9999999999998,50,0,1.0,2
1763,-254.9999999999998,50,0,1.0,2
1764,-234.99999999999983,50,0,1.0,4
1765,-234.99999999999983,50,0,1.0,4
1766,-234.99999999999983,50,0,1.0,4
1767,-234.99999999999983,50,0,1.0,4
1768,-234.9999999999998,50,0,1.0,4
1769,-254.9999999999998,50,0,1.0,2
1770,-234.99999999999983,50,0,1.0,4
1771,-234.99999999999983,50,0,1.0,4
1772,-244.9999999999998,50,0,1.0,3
1773,-224.99999999999983,50,0,1.0,5
1774,-234.99999999999983,50,0,1.0,4
1775,-234.99999999999983,50,0,1.0,4
1776,-224.99999999999983,50,0,1.0,5
1777,-234.99999999999983,50,0,1.0,4
1778,-234.99999999999983,50,0,1.0,4
1779,-234.99999999999983,50,0,1.0,4
1780,-244.9999999999998,50,0,1.0,3
1781,-234.99999999999983,50,0,1.0,4
1782,-234.99999999999983,50,0,1.0,4
1783,-224.99999999999983,50,0,1.0,5
1784,-234.99999999999983,50,0,1.0,4
1785,-234.99999999999983,50,0,1.0,4
1786,-224.99999999999983,50,0,1.0,5
1787,-234.99999999999983,50,0,1.0,4
1788,-254.9999999999998,50,0,1.0,2
1789,-254.9999999999998,50,0,1.0,2
1790,-234.99999999999983,50,0,1.0,4
1791,-234.99999999999983,50,0,1.0,4
1792,-234.99999999999983,50,0,1.0,4
1793,-234.99999999999983,50,0,1.0,4
1794,-234.99999999999983,50,0,1.0,4
1795,-244.9999999999998,50,0,1.0,3
1796,-224.99999999999983,50,0,1.0,5
1797,-234.99999999999983,50,0,1.0,4
1798,-254.9999999999998,50,0,1.0,2
1799,-234.99999999999983,50,0,1.0,4
1800,-234.99999999999983,50,0,1.0,4
1801,-234.99999999999983,50,0,1.0,4
1802,-234.99999999999983,50,0,1.0,4
1803,-244.9999999999998,50,0,1.0,3
1804,-254.9999999999998,50,0,1.0,2
1805,-224.99999999999983,50,0,1.0,5
1806,-234.99999999999983,50,0,1.0,4
1807,-234.99999999999983,50,0,1.0,4
1808,-234.99999999999983,50,0,1.0,4
1809,-234.99999999999983,50,0,1.0,4
1810,-234.99999999999983,50,0,1.0,4
1811,-244.9999999999998,50,0,1.0,3
1812,-244.99999999999983,50,0,1.0,3
1813,-254.9999999999998,50,0,1.0,2
1814,-234.99999999999983,50,0,1.0,4
1815,-234.99999999999983,50,0,1.0,4
1816,-234.99999999999983,50,0,1.0,4
1817,-254.9999999999998,50,0,1.0,2
1818,-254.9999999999998,50,0,1.0,2
1819,-254.9999999999998,50,0,1.0,2
1820,-254.9999999999998,50,0,1.0,2
1821,-234.99999999999983,50,0,1.0,4
1822,-254.9999999999998,50,0,1.0,2
1823,-234.99999999999983,50,0,1.0,4
1824,-234.99999999999983,50,0,1.0,4
1825,-244.99999999999983,50,0,1.0,3
1826,-244.99999999999983,50,0,1.0,3
1827,-234.99999999999983,50,0,1.0,4
1828,-244.9999999999998,50,0,1.0,3
1829,-234.99999999999983,50,0,1.0,4
1830,-254.9999999999998,50,0,1.0,2
1831,-234.99999999999983,50,0,1.0,4
1832,-244.99999999999983,50,0,1.0,3
1833,-234.99999999999983,50,0,1.0,4
1834,-234.99999999999983,50,0,1.0,4
1835,-234.99999999999983,50,0,1.0,4
1836,-234.99999999999983,50,0,1.0,4
1837,-254.9999999999998,50,0,1.0,2
1838,-254.9999999999998,50,0,1.0,2
1839,-234.99999999999983,50,0,1.0,4
1840,-244.9999999999998,50,0,1.0,3
1841,-234.99999999999983,50,0,1.0,4
1842,-234.99999999999983,50,0,1.0,4
1843,-234.99999999999983,50,0,1.0,4
1844,-224.99999999999983,50,0,1.0,5
1845,-254.9999999999998,50,0,1.0,2
1846,-234.99999999999983,50,0,1.0,4
1847,-254.9999999999998,50,0,1.0,2
1848,-254.9999999999998,50,0,1.0,2
1849,-224.99999999999983,50,0,1.0,5
1850,-254.9999999999998,50,0,1.0,2
1851,-234.99999999999983,50,0,1.0,4
1852,-254.9999999999998,50,0,1.0,2
1853,-254.9999999999998,50,0,1.0,2
1854,-234.99999999999983,50,0,1.0,5
1855,-254.9999999999998,50,0,1.0,2
1856,-224.99999999999983,50,0,1.0,5
1857,-234.99999999999983,50,0,1.0,4
1858,-254.9999999999998,50,0,1.0,2
1859,-254.9999999999998,50,0,1.0,2
1860,-234.99999999999983,50,0,1.0,4
1861,-234.99999999999983,50,0,1.0,4
1862,-234.99999999999983,50,0,1.0,4
1863,-234.9999999999998,50,0,1.0,4
1864,-234.99999999999983,50,0,1.0,4
1865,-234.99999999999983,50,0,1.0,4
1866,-234.99999999999983,50,0,1.0,4
1867,-234.99999999999983,50,0,1.0,4
1868,-224.99999999999983,50,0,1.0,5
1869,-224.99999999999983,50,0,1.0,5
1870,-254.9999999999998,50,0,1.0,2
1871,-254.9999999999998,50,0,1.0,2
1872,-224.99999999999983,50,0,1.0,5
1873,-234.99999999999983,50,0,1.0,4
1874,-234.99999999999983,50,0,1.0,4
1875,-234.99999999999983,50,0,1.0,4
1876,-234.99999999999983,50,0,1.0,4
1877,-254.9999999999998,50,0,1.0,2
1878,-234.99999999999983,50,0,1.0,4
1879,-244.99999999999983,50,0,1.0,3
1880,-234.9999999999998,50,0,1.0,4
1881,-234.99999999999983,50,0,1.0,4
1882,-244.9999999999998,50,0,1.0,3
1883,-234.99999999999983,50,0,1.0,4
1884,-254.9999999999998,50,0,1.0,2
1885,-224.99999999999983,50,0,1.0,5
1886,-214.99999999999983,50,0,1.0,6
1887,-254.9999999999998,50,0,1.0,2
1888,-234.99999999999983,50,0,1.0,4
1889,-234.99999999999983,50,0,1.0,4
1890,-224.99999999999983,50,0,1.0,5
1891,-234.99999999999983,50,0,1.0,4
1892,-234.99999999999983,50,0,1.0,4
1893,-234.99999999999983,50,0,1.0,4
1894,-224.99999999999983,50,0,1.0,5
1895,-224.99999999999983,50,0,1.0,5
1896,-254.9999999999998,50,0,1.0,2
1897,-254.9999999999998,50,0,1.0,2
1898,-224.99999999999983,50,0,1.0,5
1899,-224.99999999999983,50,0,1.0,5
1900,-234.99999999999983,50,0,1.0,4
1901,-234.99999999999983,50,0,1.0,4
1902,-234.99999999999983,50,0,1.0,4
1903,-234.99999999999983,50,0,1.0,4
1904,-244.9999999999998,50,0,1.0,3
1905,-244.9999999999998,50,0,1.0,3
1906,-234.99999999999983,50,0,1.0,4
1907,-234.99999999999983,50,0,1.0,4
1908,-254.9999999999998,50,0,1.0,2
1909,-234.99999999999983,50,0,1.0,4
1910,-254.9999999999998,50,0,1.0,2
1911,-244.99999999999983,50,0,1.0,3
1912,-234.99999999999983,50,0,1.0,4
1913,-234.99999999999983,50,0,1.0,4
1914,-254.9999999999998,50,0,1.0,2
1915,-234.99999999999983,50,0,1.0,4
1916,-254.9999999999998,50,0,1.0,2
1917,-224.99999999999983,50,0,1.0,5
1918,-234.99999999999983,50,0,1.0,4
1919,-234.99999999999983,50,0,1.0,4
1920,-234.99999999999983,50,0,1.0,4
1921,-254.9999999999998,50,0,1.0,2
1922,-234.99999999999983,50,0,1.0,4
1923,-234.99999999999983,50,0,1.0,4
1924,-234.99999999999983,50,0,1.0,4
1925,-244.99999999999983,50,0,1.0,3
1926,-234.99999999999983,50,0,1.0,4
1927,-234.99999999999983,50,0,1.0,4
1928,-234.99999999999983,50,0,1.0,4
1929,-224.99999999999983,50,0,1.0,5
1930,-204.99999999999983,50,0,1.0,7
1931,-244.9999999999998,50,0,1.0,3
1932,-224.99999999999983,50,0,1.0,5
1933,-234.99999999999983,50,0,1.0,4
1934,-204.99999999999983,50,0,1.0,7
1935,-224.99999999999983,50,0,1.0,5
1936,-234.99999999999983,50,0,1.0,4
1937,-234.99999999999983,50,0,1.0,4
1938,-214.99999999999983,50,0,1.0,6
1939,-254.9999999999998,50,0,1.0,2
1940,-224.99999999999983,50,0,1.0,5
1941,-224.99999999999983,50,0,1.0,5
1942,-234.99999999999983,50,0,1.0,4
1943,-234.99999999999983,50,0,1.0,4
1944,-234.99999999999983,50,0,1.0,4
1945,-234.99999999999983,50,0,1.0,4
1946,-234.99999999999983,50,0,1.0,4
1947,-234.99999999999983,50,0,1.0,4
1948,-234.99999999999983,50,0,1.0,4
1949,-244.9999999999998,50,0,1.0,3
1950,-234.99999999999983,50,0,1.0,4
1951,-224.99999999999983,50,0,1.0,5
1952,-214.99999999999983,50,0,1.0,6
1953,-244.99999999999983,50,0,1.0,3
1954,-234.99999999999983,50,0,1.0,4
1955,-214.99999999999983,50,0,1.0,6
1956,-234.9999999999998,50,0,1.0,4
1957,-254.9999999999998,50,0,1.0,2
1958,-234.99999999999983,50,0,1.0,4
1959,-224.99999999999983,50,0,1.0,5
1960,-214.99999999999983,50,0,1.0,6
1961,-224.99999999999983,50,0,1.0,5
1962,-224.99999999999983,50,0,1.0,5
1963,-214.99999999999983,50,0,1.0,6
1964,-244.9999999999998,50,0,1.0,3
1965,-234.9999999999998,50,0,1.0,4
1966,-224.99999999999983,50,0,1.0,5
1967,-224.99999999999983,50,0,1.0,5
1968,-224.9999999999998,50,0,1.0,5
1969,-214.99999999999983,50,0,1.0,6
1970,-244.9999999999998,50,0,1.0,3
1971,-214.99999999999983,50,0,1.0,6
1972,-204.99999999999983,50,0,1.0,7
1973,-224.99999999999983,50,0,1.0,5
1974,-234.9999999999998,50,0,1.0,4
1975,-254.9999999999998,50,0,1.0,2
1976,-254.9999999999998,50,0,1.0,2
1977,-254.9999999999998,50,0,1.0,2
1978,-234.99999999999983,50,0,1.0,4
1979,-224.99999999999983,50,0,1.0,5
1980,-224.99999999999983,50,0,1.0,5
1981,-244.9999999999998,50,0,1.0,3
1982,-254.9999999999998,50,0,1.0,2
1983,-244.99999999999983,50,0,1.0,3
1984,-224.99999999999983,50,0,1.0,5
1985,-224.99999999999983,50,0,1.0,5
1986,-244.9999999999998,50,0,1.0,3
1987,-234.99999999999983,50,0,1.0,4
1988,-224.99999999999983,50,0,1.0,5
1989,-194.99999999999983,50,0,1.0,8
1990,-214.99999999999983,50,0,1.0,6
1991,-234.9999999999998,50,0,1.0,4
1992,-234.99999999999983,50,0,1.0,4
1993,-224.99999999999983,50,0,1.0,5
1994,-214.99999999999983,50,0,1.0,6
1995,-224.99999999999983,50,0,1.0,5
1996,-224.99999999999983,50,0,1.0,5
1997,-244.99999999999983,50,0,1.0,3
1998,-234.99999999999983,50,0,1.0,4
1999,-224.99999999999983,50,0,1.0,5
2000,-214.99999999999983,50,0,1.0,6
